,類別,Unique ID,資料日期,客戶事件描述
0,Call Out,AA2765,20180102 141000,[ECP] 去電確認開戶文件 客戶說後來去買美元保單就不開戶了
1,Call Out,AA3910,20180102 144300,[ECP]不方說  IPO MAIL
2,Call Out,AA3167,20180102 154500,[ECP] IPO 忙 先MAIL
3,Call Out,AA2355,20180102 194359,家庭戶 媽媽說女兒不開了，因為打工收入不穩定
4,Call Out,AA2778,20180103 111132,推Q1
5,Call Out,AA2825,20180104 162409,"兒子要開戶未成年,不願辦網路要單筆買亞太複合債."
6,Call Out,AA2826,20180104 170423,林O屏216022 家庭戶 有可能有這戶下單又嫌麻煩
7,Call Out,AA2827,20180104 173221,台幣 瑞興 轉介208
8,Call Out,AA2827,20180104 175556,想買基金 推EC 轉介之
9,Call Out,AA2828,20180105 104128,某小姐要買nnl新興市場債 美元買 
10,Call Out,AA4226,20180105 105900,[ECP]可能買回  積 單 可以忍波動
11,Call Out,AA2828,20180105 110345,Idris轉介
12,Call Out,AA2829,20180105 145259,客戶來電說看到4年IPO 要美金的 先寄開戶文件
13,Call Out,AA2829,20180105 145534,去電確認外幣帳號是台北富邦
14,Call Out,AA2784,20180108 102342,要用女兒名字開
15,Call Out,AA2833,20180108 110142,IPO四年期，寄書面至通訊，美元
16,Call Out,AA2833,20180108 140756,"Stock Q 看到4年期,10:22進線詢問,PASS M "
17,Call Out,AA5785,20180108 143531,ipo 人民幣 會參考 家庭戶
18,Call Out,AA7870,20180108 145800,[ECP]生日券
19,Call Out,AA8654,20180108 150305,Q1 大俄 印度 
20,Call Out,AA2834,20180108 165301,周O幸的小孩.
21,Call Out,AA2749,20180109 164800,[ECP]又來電問IPO 4年期 下午撥去才發現他之前已有來電問到其它檔
22,Call Out,AA2841,20180109 165255,又來電問IPO 4年期 下午撥去才發現他之前已有來電問到其它檔 (之前潛在是A200922) 
23,Call Out,AA4209,20180109 170905,家庭戶 太太 176324 要作rsp
24,Call Out,AA2843,20180110 142034,Tina轉介 回電給客戶問 IPO 4年期
25,Call Out,AA8011,20180110 143621,客人經由國泰天母/ 很會問 不會開戶 不用浪費時間  在銀行買nn亞債
26,Call Out,AA5706,20180110 162654,成年，家庭戶 推IPO四年期，人民幣約台幣30萬 181030 李O哲
27,Call Out,AA2844,20180110 162832,家庭戶 永豐，李O哲，推Q1，IPO四年期，人民幣約台幣30萬
28,Call Out,AA2771,20180110 165408,強基金新戶
29,Call Out,AA2453,20180110 172000,[ECP]IPO 過二天會打給我
30,Call Out,AA2758,20180111 112900,[ECP]強基金 提醒客戶1月底前寄回
31,Call Out,AA2847,20180111 143859,中信台 559
32,Call Out,AA2849,20180111 164800,想買全球短期收益 覺得美金計價有6%收益很讚 
33,Call Out,AA2850,20180111 165945,王O如 未滿14 轉介559 
34,Call Out,AA2749,20180111 170340,又來確認4年期IPO年化配息多少
35,Call Out,AA2841,20180111 170405,又來確認4年期IPO年化配息多少
36,Call Out,AA2849,20180111 170955,推Q1，美金GSD，若金額高一點再爭取0%。外幣在一銀，和太太討論
37,Call Out,AA2850,20180111 180206,轉介-idris，推Q1 新戶，先辦境內，有二位小孩要開戶，請客戶可以先影印
38,Call Out,AA2852,20180112 141822,要買50萬人民幣   銀行有買類似商品 有買元大4年期-有收手續費 /兆豐3年期-沒收手續費   轉介208 
39,Call Out,AA2852,20180112 142916,IPO人幣 5.0萬/ NN 新債10萬 會來現場開
40,Call Out,AA2453,20180112 155252,目前只有美元2萬推荷中/天亞/ NN新債
41,Call Out,AA8654,20180112 155520,要扣多天 CRSP 大俄
42,Call Out,AA0809,20180112 163219,家庭戶 反應台股績效不好，請客戶改扣別檔，推中國、環球，客戶說要扣五檔，推 q1
43,Call Out,AA0263,20180112 175257,有進線問IPO.但沒有要理專回電  用mail 
44,Call Out,AA2854,20180115 104952,11701王O如小孩
45,Call Out,AA2855,20180115 113134,推Q1，朋友 288874 李's介紹，台幣台新無外幣，要特別看能源，NN(L)能源，買股票比較多，比較有興趣是台運
46,Call Out,AA2856,20180115 114318,RSP，推境內外開戶，台外幣國泰，以為IPO四年債可以用每個月來扣，要零手續費，所以改要買RSP
47,Call Out,AA2831,20180115 150800,[ECP]電確OK
48,Call Out,AA2857,20180115 160005,Idris轉介 問IPO 4年期 寄開戶文件 
49,Call Out,AA2829,20180115 163800,[ECP]確認開戶文件 客戶在忙
50,Call Out,AA2858,20180115 173836,推Q1，317305劉O滿介紹的朋友，在南山人壽上班，想要買亞債，想要加入公司的line，寄書面請客戶加入 
51,Call Out,AA2553,20180115 184658,姐姐說不會和我們交易，要和理專買，弟弟人在國外
52,Call Out,AA2833,20180115 192006,要和先生討論一下，先生比較沒有興趣 推IPO四年期
53,Call Out,AA2861,20180116 170641,轉介-vivian，推Q1 四年期債IPO，人民幣5萬，代姐姐問，人民幣是姐姐才有，不知道姐姐人民幣在哪一家銀行，先寄資料給客戶
54,Call Out,AA2852,20180117 102000,[ECP]有收到會再跟我聯絡
55,Call Out,AA2863,20180117 141500,問4年階梯  轉介208  
56,Call Out,AA2863,20180117 142412,覺得4年太久了 
57,Call Out,AA2857,20180117 161000,[ECP]去電確認開戶文件是否有收到 客戶說剛好還沒收到
58,Call Out,AA2866,20180117 163309,"永豐銀理專給的資料,但理專沒有向客戶解釋什麼是階梯  問很多  "
59,Call Out,AA2867,20180117 164507,客戶來電問基金投資 客戶之前都在銀行買基金
60,Call Out,AA2871,20180118 140742,回電 電話不通
61,Call Out,AA9022,20180118 144500,[ECP]回電給客戶 指導客戶環高轉到APHY月配
62,Call Out,AA6578,20180118 155858,要買回 推EC
63,Call Out,AA2872,20180118 164219,有找到客戶了 只想問經理人的經歷 講完就說謝謝 就將電話掛斷
64,Call Out,AA1160,20180118 171100,[ECP] 有可能會再買 不EC 可寄書面
65,Call Out,AA8654,20180118 181700,"[ECP]回覆客戶昨天反應申購手續費3000,有找出系統備份寄件內容手續費是0申購價款3000,請客戶若方便可以回寄至客服信箱"
66,Call Out,AA2861,20180118 190442,姐姐是王O屏 弟弟會幫客戶寄開戶，若收到開戶代表姐姐要買這一支基金，就可以問姐姐要買多少錢。建議姐姐買人民幣累績 
67,Call Out,AA2829,20180119 104700,[ECP]去電提醒客戶還沒收到開戶文件 客戶說最近忙 會再看一下
68,Call Out,AA2873,20180119 153830,在永豐銀行理專問他，有可能和理專買，會不好意思，IPO四年期債
69,Call Out,AA2851,20180119 154200,[ECP]電確OK
70,Call Out,AA8654,20180119 172000,"[ECP]交易信函中沒有手續費,客戶誤看欄位"
71,Call Out,AA3548,20180119 175600,[ECP]打住家本人接聽 講4年IPO 客戶說會自己上網看
72,Call Out,AA2874,20180122 103525, ipo要買美金-轉介208
73,Call Out,AA2874,20180122 105758,IPO 約50萬台幣已內 0.4%   不會太多  會有美元  其他投信給他0  外幣台中銀 買回永豐
74,Call Out,AA2873,20180122 110731,559
75,Call Out,AA2846,20180122 161401,家庭戶 推四年期債IPO
76,Call Out,AA2876,20180122 162628,IPO 美金 約台幣3-5萬
77,Call Out,AA2876,20180122 162646,進線問IPO PASS C
78,Call Out,AA2879,20180122 180654,推Q1，新戶，款*2
79,Call Out,AA2285,20180123 102453,媽媽呂張○如313128 開戶寄給媽媽 台幣板信 成年
80,Call Out,AA2286,20180123 103204,媽媽呂○如313128 開戶寄給媽媽 台幣板信 成年
81,Call Out,AA0263,20180123 135700,[ECP]IPO 美元 有機會 
82,Call Out,AA2881,20180123 141408,ipo 轉介559
83,Call Out,AA2852,20180123 160500,[ECP]不買了 要去定存  再去買基金
84,Call Out,AA2883,20180123 174220,推Q1，推IPO四年期美金 ，NN(L)新興市場債
85,Call Out,AA2884,20180124 084959,"戶號234364的小孩.娘來電,未滿20"
86,Call Out,AA2886,20180124 102423,對四年期債有興趣!
87,Call Out,AA8199,20180124 102800,[ECP]KYC名單 客戶說上班不方便 先mail 1Q優惠
88,Call Out,AA2888,20180124 123023,ipo 美元 銀行有推他   要來101
89,Call Out,AA2884,20180124 143106,轉介-tina，推Q1
90,Call Out,AA4291,20180124 151606,n 美利堅美元/ 單筆匯款  報1萬美元0.75 % 表定 缺高風預告
91,Call Out,AA2890,20180124 172151,im  款台外 想買高配息債券 推nnl新興市場債 轉介559 中信台外幣
92,Call Out,AA4372,20180124 173744,網路上看ipo  美及人有機會  線上填 先作這一支境內/境外之后再補  有告知經理費1.5%
93,Call Out,AA2890,20180124 174843,推Q1，轉介-idris
94,Call Out,AA2892,20180124 175510,從網路上看到ipo  台幣有機會  家人來電李O晴
95,Call Out,AA2893,20180124 180136,王O弘 王O立  ipo
96,Call Out,AA4372,20180124 182821,cherry  人及美都有機會
97,Call Out,AA4372,20180125 100100,[ECP]確認文件以掛號寄出
98,Call Out,AA2885,20180125 110324,在忙，再和客戶說IPO，推Q1 四年期債
99,Call Out,AA2895,20180125 141729,i轉介 美元  ipo 第一天經理費 扣1.5%
100,Call Out,AA2895,20180125 142058,推IPO 208
101,Call Out,AA2895,20180125 150937,有告知可以去收開戶
102,Call Out,AA2896,20180125 171703,推Q1，家庭戶 兒子 244968張O翔的爸爸，建議自己也可以開戶，用外幣來做一些規劃
103,Call Out,AA2868,20180125 174400,"[ECP]非美國稅務居民,風險勾錯,Cherry要採快遞請客戶修改"
104,Call Out,AA4372,20180126 100400,[ECP]0.4%  IPO 美1萬3
105,Call Out,AA2899,20180126 104549,"客戶寫mail到Ｗinnie信箱陳小姐您好, 我想購買新興市債?可以給我詳細進一步資訊? 謝謝! 回電給客戶 問4年期 "
106,Call Out,AA2899,20180126 105939,去電確認是否有收到mail 客戶說下午再跟我聯絡
107,Call Out,AA2900,20180126 110208,IPO 鉅亨網看到/ 投信VIP 都0.11- 0手續費 
108,Call Out,AA2901,20180126 114435,黃太太朋友推nn新債 
109,Call Out,AA2902,20180126 121206,投信VIP 都給0.1-0 手 / IPO 美 亞高收
110,Call Out,AA2904,20180126 132657,"侯小姐(戶號260215)來電,PASS K"
111,Call Out,AA2903,20180126 142105,Vivian轉介 問4年期 先寄開戶文件
112,Call Out,AA6370,20180126 143600,[ECP]Tina轉介 客戶問NNL新興債是強勢貨幣為主 經說明後客戶 本身在基富通及先鋒都有開戶 還是不跟我們開戶
113,Call Out,AA2904,20180126 145716,260215侯小姐朋友要開戶
114,Call Out,AA2869,20180126 151700,[ECP]電確
115,Call Out,AA2869,20180126 152200,[ECP]閒置資金運用
116,Call Out,AA2905,20180126 165411,自行來電  ipo 台200   可能用美金 
117,Call Out,AA2906,20180126 171318,ipo
118,Call Out,AA2903,20180129 094722,客戶說在休息 請我下午3點半後再聯
119,Call Out,AA2910,20180129 160608,問很多 在台銀及華銀都有理專 回電給客戶說明除息日/台北富邦有買NNL新興債
120,Call Out,AA2903,20180129 161406,去電告知開戶文件今天已寄出 建議客戶如急可以線上填開戶印出我再請快遞去取件 客戶說沒關係 因她月底也忙 還是會等我們的開戶文件
121,Call Out,AA4372,20180129 181600,"[ECP]電確,家管,客人說四年期債申購款已匯"
122,Call Out,AA2910,20180130 153745,去電確認客戶是否要來開戶 另推APHY及APB 客戶說會再跟先生討論
123,Call Out,AA2913,20180131 152240,"太太現場開戶,文件帶回填寫,考慮,有在北富邦買大俄"
124,Call Out,AA2912,20180131 171704,"員工姪女,19歲,PASS K"
125,Call Out,AA2917,20180201 113251,"聯邦銀,NNy債,推EC,寄表單,提供9家外幣銀行參考 ,PASS M"
126,Call Out,AA2920,20180201 170200,[ECP]打公司本人接 講1Q優惠及新春活動
127,Call Out,AA1377,20180202 101804,要續扣
128,Call Out,AA4878,20180202 133210,人在國外用mail
129,Call Out,AA2932,20180202 172409,"C先開境內,不知用那家銀行"
130,Call Out,AA3910,20180205 142200,[ECP]問鋒裕要不要賣
131,Call Out,AA2355,20180205 155947,EC去電娘追蹤  再重寄
132,Call Out,AA2688,20180205 191732,郭?芳，請客戶寄回開戶書，推中國
133,Call Out,AA2690,20180205 191905,"A200805 郭O芳的姐姐,M，文件已收到，請客戶盡快寄回"
134,Call Out,AA2938,20180206 165523,不會上網，要買大俄書面RSP，有告知手續費0.8%，集次活動，不願留電話，網路不會，要學有點麻煩
135,Call Out,AA2858,20180206 182021,文件有收到，還沒看，客戶表示在忙，有需要再和我們說
136,Call Out,AA2855,20180206 183121,推Q1，新戶 想買台運，有持有個股，開戶文件有收到，但是還沒空寫，請客戶先寄回 
137,Call Out,AA2941,20180208 122511,在永豐台外幣，在永豐有開戶，推Q1，推境內外開戶 pass idris
138,Call Out,AA5153,20180208 155200,[ECP]KYC名單 講1Q優惠 客戶說mail參考
139,Call Out,AA2082,20180208 165103,家庭戶 林○村的媽媽，推Q1
140,Call Out,AA2941,20180209 091558,559
141,Call Out,AA9175,20180209 155800,[ECP]KYC名單 講1Q優惠及新春活動 先mail參考
142,Call Out,AA2933,20180212 154100,[ECP]電確 轉語音
143,Call Out,AA4331,20180212 155000,[ECP]Q!大額買回~ 等機會進場
144,Call Out,AA2293,20180212 165700,[ECP] Q1 中國 大俄 環球
145,Call Out,AA3548,20180213 101900,[ECP]打住家本人接 從1月底有獲利就開始贖回 留現金在身上 因過年台灣並沒有開盤 還是有講新春優惠
146,Call Out,AA2943,20180213 150708,Line@留名單送7-11咖啡活動，推Q1，中信，pass idris
147,Call Out,AA0269,20180213 161400,[ECP]KYC名單 客戶說不需要
148,Call Out,AA8978,20180213 162119,家庭戶 推Q1，新春活動
149,Call Out,AA2943,20180213 182826,559
150,Call Out,AA2948,20180221 111045,208  要買中小 可再說明並推薦其他
151,Call Out,AA2948,20180221 122134,台運 中小 優質 亞高收  rsp 很會問 
152,Call Out,AA2368,20180221 141017,中國 俄 泰
153,Call Out,AA2952,20180221 150603,轉介-idris 家庭戶
154,Call Out,AA2953,20180221 150626,轉介-idris 家庭戶
155,Call Out,AA2898,20180221 163300,[ECP]電確OK 缺填境買回外幣帳號 掛退
156,Call Out,AA2764,20180221 165314,丈夫EC開戶追蹤  再重寄表格A200953林O彥
157,Call Out,AA8077,20180222 102100,[ECP]之前來現場買MI 人民幣，有配出來息是人民幣，想再買MI人民幣，若有需要會來現場，推中國、環球。@line好友拿7-11咖啡 新春活動
158,Call Out,AA0809,20180222 110200,[ECP]反應配息帳號資料異動在2/21收到信，過年前寄出，為什麼過年後才收到，導致太太收到10元匯費。不高興不想講就掛電話了
159,Call Out,AA2956,20180222 161751,@line好友留名單拿7-11咖啡，用華南或是富邦，用款項，推Q1，再看看
160,Call Out,AA2958,20180222 163252,@line好友留名單拿7-11咖啡，券商，買連動債，不會透過基金公司開戶
161,Call Out,AA2965,20180222 165914,@line好友留名單拿7-11咖啡
162,Call Out,AA2969,20180222 180301,貴公司的網站，最近常查不到淨值。 通常大約發生在午夜之後。 請加強網站的維護，以確保客戶的權益。 --   e 回覆 IDRIS18:02 感謝您的來信反應!! 已速請相關單位瞭解並解決淨值看不到的問題。 
163,Call Out,AA4438,20180222 182018,不需要，身體不適 大額贖回
164,Call Out,AA2956,20180223 101102,M PASS
165,Call Out,AA1049,20180223 101358,不買單筆，推環球，RSP
166,Call Out,AA2970,20180223 110940,"pass tina , 台外幣華南，推EC，有和華南理專買很多，想買台股，詢問E科技、中小，推天達亞洲"
167,Call Out,AA2970,20180223 112622,M PASS
168,Call Out,AA2973,20180223 131425,新春MGM
169,Call Out,AA2932,20180223 150636,"]有告知舊戶陳O娟小姐MGM 活動 ,親朋若要開戶可以把握次活動,但需於3月底前開境內外成功,"
170,Call Out,AA2943,20180223 152700,[ECP]正在吃東西不方便，文件還沒有去收，請客戶留意一下
171,Call Out,AA2904,20180223 153841,"侯小姐說朋友下週才會寄回,但不知朋友的名字還是朋友的小孩...有告知MGM 活動"
172,Call Out,AA2974,20180223 171154,新春活動客戶 推EC轉介559
173,Call Out,AA4372,20180226 103400,[ECP]亞債人民幣10萬要求0.3%
174,Call Out,AA4372,20180226 104700,[ECP]10萬人民幣給0.3% 下週單筆
175,Call Out,AA2979,20180226 150324,LINE留資金送咖啡券 寄開戶文件 中信銀或兆豐
176,Call Out,AA2980,20180226 154416,LINE留資料 送7-11咖啡券 寄開戶 款一 中信銀
177,Call Out,AA2968,20180227 113500,[ECP]@line好友留名單拿7-11咖啡
178,Call Out,AA2968,20180227 114827,想買債，想買相對低，手上沒有，推NN新興債/APHY，台幣台銀/外幣中信，推Q1
179,Call Out,AA2983,20180227 163407,LINE留資料送咖啡 先寄開戶 款二華銀
180,Call Out,AA2968,20180227 174947,M PASS 
181,Call Out,AA2985,20180227 180511,LINE留資料送咖啡 本身有在基富通買我們家基金 寄開戶 台北富邦 款一 
182,Call Out,AA2986,20180227 180927,"現場客戶，318359 羅金雄的朋友MGM，3/1再打過去問地址, 台外幣都用款項，國泰/中信/富邦/台新都有，再看要用哪一家"
183,Call Out,AA2986,20180227 182332,MGM 戶號318359
184,Call Out,AA2987,20180227 182417,MGM 戶號318359 
185,Call Out,AA1902,20180301 095700,[ECP]ec追蹤 婉拒
186,Call Out,AA2988,20180301 105954,LINE留資料 寄開戶 款二兆豐銀
187,Call Out,AA2989,20180301 143910,LINE留資料 寄開戶 彰銀 款二
188,Call Out,AA2990,20180301 153046,LINE 留資料 寄開戶 台新
189,Call Out,AA2993,20180301 162308,LINE留資料 會考慮開戶 寄開戶 國泰世華 款二
190,Call Out,AA2994,20180301 164403,LINE留資料 可考慮開戶 全 台銀
191,Call Out,AA3000,20180301 165522," @line好友留名單拿7-11咖啡 , 都買權證，個股，無基金投資經驗，無投資興趣，還是和客戶說寄資料參考一下，"
192,Call Out,AA3001,20180301 170402, @line好友留名單拿7-11咖啡，沒有投資基金的經驗，暫時不需要，也忘了有加入野村line好友 
193,Call Out,AA3002,20180301 170742,50多歲，也在準備退休規劃，天下雜誌上班，200萬台幣在台北富邦，3萬美金在玉山，可以用書面，推GSD及亞太新興債，RSP環球、中國，也可以用美金及人民幣
194,Call Out,AA3004,20180301 172027, @line好友留名單拿7-11咖啡，看email及野村投信line好友就好，不留通訊地址
195,Call Out,AA2986,20180301 172700,"[ECP]確認表單要寄送地址,要求放二支觸控筆"
196,Call Out,AA3005,20180301 173240,"LINE好友  有機會開戶  , 一半一半 "
197,Call Out,AA3006,20180301 175558,LINE好友  勉強要開 推開戶0 會參考
198,Call Out,AA8303,20180301 180621,"LINE好友 在銀行買NN環高有抱怨績效不好  有作中A股 單筆套RSP有打平, 推 Q1 OK"
199,Call Out,AA3009,20180301 194021, @line好友留名單拿7-11咖啡，
200,Call Out,AA3013,20180302 103527,@line好友留名單拿7-11咖啡，寄email，或是下班是晚上9點再聯絡
201,Call Out,AA3014,20180302 105806, @line好友留名單拿7-11咖啡，RSP，台幣玉山，有時也會做單筆，推環球、中國
202,Call Out,AA3015,20180302 114718,@line好友留名單拿7-11咖啡，台外幣台新，已在在基富通買外幣基金
203,Call Out,AA1368,20180302 144221,"問買回,推EC"
204,Call Out,AA2945,20180305 160500,[ECP]電確OK
205,Call Out,AA3020,20180305 171457,索取推薦網址 
206,Call Out,AA2980,20180306 105300,[ECP]EC追蹤 在忙 晚點撥打
207,Call Out,AA3021,20180306 110238,LINE好友  都在基富通下單  再想想
208,Call Out,AA3022,20180306 114925,銀行推NN新債 來問市場
209,Call Out,AA3023,20180306 141621,LINE好友  會自行從官網下表單寄回  會參考
210,Call Out,AA2968,20180306 143100,"[ECP]客戶說沒有推薦基金,怎麼寫開戶,,應該是先參考基金再決定是否有想要申購的,有告知公司產品線非常完整"
211,Call Out,AA2986,20180306 143600,"[ECP]文件今天收到,還沒看,有問題會再來電,提醒儘快寄回才能參加家人推薦MGM"
212,Call Out,AA3024,20180306 144449,LINE好友/基富通客戶/只作境外 不作台幣 對債有興趣
213,Call Out,AA2159,20180306 154800,[ECP]242383蔡○員推薦 
214,Call Out,AA5609,20180306 160500,[ECP]提醒客人寄回地?異動及身份證影本
215,Call Out,AA2948,20180306 162000,[ECP]ec追蹤
216,Call Out,AA4372,20180307 105500,"[ECP]ABHY ABP 人民幣3月低到期,到時可能會再加一點"
217,Call Out,AA3029,20180307 121436,@line好友留名單拿7-11咖啡，對能源比較有興趣，RSP，推Q1，績極
218,Call Out,AA3037,20180307 144802,索取開戶資料，mail，家庭戶 ，未成年，法代在處理，眼睛不好，先寄線上填寫開戶聯結給客戶，過二天再追，投資經驗豐富
219,Call Out,AA3038,20180307 153750,都在基富通下單  來問市場不開戶 請小心
220,Call Out,AA3039,20180307 154307,爹311001江O星來電 表示基金都很熟 要幫兒子買瑞銀中國 大中華 
221,Call Out,AA2378,20180307 162300,[ECP]EC追蹤 土銀 重寄
222,Call Out,AA2992,20180307 163300,[ECP]掛退  缺蓋野村投信原留印章→P9 缺蓋銀行留存印鑑→P12 
223,Call Out,AA8077,20180307 165004,多元收益人民幣73000書面，3/8去匯款，之後還有一筆人民幣，再考慮再轉到這裡，推亞太收益多重資產
224,Call Out,AA3041,20180307 171321,MGM，用台外幣華南，RSP及單筆都有，推亞債、中國、環球
225,Call Out,AA3042,20180308 105802,LINE留資料 寄開戶 全 土銀
226,Call Out,AA3044,20180308 144848,台幣合庫，外幣中信，推q1， rsp為主，@line好友留名單拿7-11咖啡，推中國
227,Call Out,AA3045,20180308 151338,LINE留資料 寄開戶款二
228,Call Out,AA3046,20180308 152442, @line好友留名單拿7-11咖啡，推NN(L)新興市場債，有一筆錢最多300萬，台外幣加起來，問環高收，用款項，若有高雄有說明會通知他
229,Call Out,AA3048,20180308 180825,"LINE好友 在基富通下單 作轉申購頻凡 ,經查理同意可以給6張轉申購   還有很多朋友可以介紹"
230,Call Out,AA3050,20180309 113158,LINE留資料 寄開戶 台新
231,Call Out,AA3052,20180309 145927,LINE好友/基富通/ 推環球有機會 有說RSP 0有中
232,Call Out,AA3053,20180309 153932,LINE 好友 都買富克林基金/ 可接受開戶
233,Call Out,AA3055,20180309 174840,line好友 只作股票 
234,Call Out,AA3056,20180309 180337,line好友 沒錢 但有小美金
235,Call Out,AA7523,20180312 160000,[ECP]線上 掛寄
236,Call Out,AA3947,20180312 165253,推Q1，自己看，不需要 
237,Call Out,AA3062,20180314 135204,抽紅包 e回覆 IDRIS13:49 
238,Call Out,AA2986,20180314 152200,[ECP]推Q1
239,Call Out,AA2986,20180314 152403,開戶文件有收到，現在來寫
240,Call Out,AA7799,20180314 160400,[ECP]住家電話不通
241,Call Out,AA5939,20180315 143115,不要再投資了，去銀行買海外債
242,Call Out,AA2932,20180316 125814,177173陳O娟家人  只有3000 想扣大俄
243,Call Out,AA2986,20180316 132419,女兒先不辦，現場客戶，改為兆豐，下週三下午約4:00會再來現場
244,Call Out,AA2453,20180316 164500,[ECP]多元轉亞高  愛美債轉NN新債
245,Call Out,AA1935,20180319 095335,推Q1，推環球、爭取一張D檔優惠券可以把大俄羅斯恢復扣款
246,Call Out,AA9132,20180319 101406,環高收買很多，想要轉換，推亞債，3/22再回撥，看Fed開會的會後聲明，再回電劉太太。推環球
247,Call Out,AA3006,20180319 104900,[ECP]有收到  但在考量中 再看看
248,Call Out,AA8766,20180319 142800,[ECP] 買別家機率大
249,Call Out,AA3052,20180320 101000,[ECP]有機會 講很久  有心動 中國  /在基富通下單筆一次最近不敢買
250,Call Out,AA3048,20180320 142500,[ECP 他本身不要   他朋友有機會 3/22回國
251,Call Out,AA8683,20180320 145400,"[ECP]有興趣買亞太複合人民幣產品,回電告知渣打銷售,台企應該有,請客戶比較一下手續費."
252,Call Out,AA3070,20180320 164151,LINE加好友 會自行上網填開戶 共4戶 (2位未成年)
253,Call Out,AA4259,20180320 165700,[ECP]衝刺名單 客戶說網站無法登入 重發密碼及KYC OK
254,Call Out,AA2643,20180320 171800,[ECP]專拿贈品戶  不開 
255,Call Out,AA3075,20180321 142244,沒興趣，也沒做基金，覺得基金公司不應該收管理費，不是手續費  @line好友留名單拿7-11咖啡
256,Call Out,AA3076,20180321 143025, @line好友留名單拿7-11咖啡 沒興趣，都是先生在弄，也不想了解，也不想給先生的資料，說他很忙，不想接到電話
257,Call Out,AA2986,20180321 143100,[ECP]等有來101聽演講再順道過來，要改為兆豐銀行台外幣，不確定哪一天，會事前打過來給我，有和客戶說若沒辦法協助她開戶，現在有專人服務她
258,Call Out,AA3077,20180321 144547, @line好友留名單拿7-11咖啡
259,Call Out,AA0557,20180321 164800,[ECP]觀望，比較建議，巴西及大俄羅斯可以D檔恢復扣款，推環球也可以D檔恢復扣款
260,Call Out,AA5617,20180322 110300,[ECP]客戶在忙出貨，推Q1，mail 太太在處理
261,Call Out,AA3070,20180322 140750,確認客戶是否已上網輸入開戶文件 客戶說下週三會完成 再去電確認
262,Call Out,AA3312,20180322 175200,[ECP]要穩健 推亞高/ N新債 有機會 要消化
263,Call Out,AA3005,20180322 175600,[ECP]EC追蹤；客表不知有無收到，要回家問家人，確認地址無誤，請客戶確認有無收到，若未收到，會再協助重寄。
264,Call Out,AA4254,20180323 100103,有問到中國 推中國機會/重發密碼
265,Call Out,AA3312,20180323 110100,[ECP]以債買股RSP 環球
266,Call Out,AA4199,20180323 144200,[ECP]有誠意但年紀大不會上網要請家人下/推中國有機會
267,Call Out,AA2904,20180323 162000,[ECP]侯小姐說會再和朋友聯絡是否已寄回開戶文件 
268,Call Out,AA4254,20180323 170200,[ECP]公司同事說客戶已下班
269,Call Out,AA3735,20180326 160400,[ECP]KYC無開ec名單 拒絕  
270,Call Out,AA7083,20180326 172400,[ECP]再看看
271,Call Out,AA2388,20180327 103350,開戶追蹤 再重寄表格  轉介208 台北富邦或合庫
272,Call Out,AA1538,20180327 103419,開戶追蹤 再重寄表格  轉介208 台北富邦或合庫
273,Call Out,AA1538,20180327 111235,208 娘298803廖○霞
274,Call Out,AA3085,20180327 145740,"來電詢價E科技買1000萬手續費是多少,PASS M "
275,Call Out,AA9791,20180328 102300,[ECP]  有提到之前說給二張 WHY只給一張    原rsp 銀行 目前沒錢 以后會 
276,Call Out,AA0102,20180328 151853,推Q1，家庭戶 
277,Call Out,AA3078,20180328 164900,[ECP]確認開戶文件是否有收到 客戶說已拿給女兒 有需要會再跟我聯繫
278,Call Out,AA3078,20180328 165149,確認開戶文件是否有收到 客戶說已拿給女兒 有需要會再跟我聯繫
279,Call Out,AA4372,20180329 141200,[ECP]人民幣 亞高130萬
280,Call Out,AA4199,20180329 144200,[ECP]去永豐銀聽說明會 請他買亞高收及亞新  他會再選二支寄回
281,Call Out,AA3507,20180329 170400,[ECP]請勿再打 客戶本人在國外
282,Call Out,AA1300,20180329 171900,[ECP]醫生 會再參考
283,Call Out,AA3086,20180330 145501,email已寄出，假日再找時間看
284,Call Out,AA2690,20180330 161900,[ECP]follow
285,Call Out,AA2688,20180330 162053,[ECP]follow
286,Call Out,AA2904,20180331 100800,[ECP]侯小姐還是不知道朋友要開戶的名字
287,Call Out,AA3104,20180402 153531,朋友 82404林X嬌 台新 轉介580  
288,Call Out,AA8978,20180403 104220,推q2 家庭戶 都是太太操作
289,Call Out,AA3104,20180409 094141,Idris轉介 82404林O嬌朋友
290,Call Out,AA3064,20180409 105000,[ECP]請客戶下午1點半後再來現場
291,Call Out,AA1049,20180409 151934,家庭戶 有五戶，想買中東非，申請D檔優惠券0%各一張，推Q2
292,Call Out,AA4199,20180410 094200,[ECP]退件 明早下單
293,Call Out,AA3119,20180410 095207,線上開戶，有人民幣放定存，要問家人 ，想買中國，家庭戶有二個想開，推荷寶中國/中國機會，有富邦台外幣
294,Call Out,AA4199,20180411 101500,[ECP] 今天加開境外EC 玉山  台幣 之后下NN新債
295,Call Out,AA7944,20180412 171500,[ECP]缺填email信箱，掛退
296,Call Out,AA3167,20180418 123400,"[ECP]來不及取消當日的交易,被扣120元美金,客戶說再補一些紅利點數給他就好."
297,Call Out,AA3006,20180420 145100,[ECP]EC追蹤 有在考慮 覺得現在盤高 告知仍有落後未漲標的 同意理專建議16:30去電聯絡 
298,Call Out,AA3044,20180420 145700,[ECP]EC追蹤  感覺會寄回吧... 
299,Call Out,AA3046,20180420 150000,[ECP]EC追蹤 冷冷的 
300,Call Out,AA3048,20180420 174300,[ECP]EC追蹤 問朋友 4/23再聯絡朋友有沒有要 
301,Call Out,AA3137,20180423 145956,請客戶線上5月壽星要買天達 轉介208 
302,Call Out,AA3137,20180423 150959,5月壽星 要買天達 轉介208  
303,Call Out,AA3139,20180424 113450,"178683 林O山 家庭戶推EC，富邦台外幣,文件寄給先生"
304,Call Out,AA2979,20180424 172200,[ECP]EC追蹤 會寄回 
305,Call Out,AA2980,20180424 172800,[ECP]EC追蹤 會寄回 
306,Call Out,AA2979,20180426 104900,[ECP]客戶說最近忙 會儘快寄回
307,Call Out,AA5153,20180426 151700,[ECP]公司 同事有請客戶接 mail 2Q優惠
308,Call Out,AA5106,20180426 152900,[ECP]覺得現在很高，推大俄，推 q2
309,Call Out,AA9122,20180426 155300,[ECP]推Q2有扣法巴大俄，買很多
310,Call Out,AA6076,20180427 153100,"[ECP]境外ES被退:無此使用者,客戶的兒子說少打tw,寄表單修改"
311,Call Out,AA5297,20180430 164900,[ECP]建立時間:2018/4/30 下午 04:29:01 問題內容:最近查自己所擁有的基金，無法看淨值的曲線圖，敬請告訴操作方式。 
312,Call Out,AA9427,20180503 165900,[ECP]推大俄 會參考
313,Call Out,AA3159,20180504 141006,"寄表單,銀行有瑞興,國泰,兆豐...(小孩舊戶,但人在國外,以後想要以自己名義開戶申購)PASS C"
314,Call Out,AA3039,20180504 145557,爸說會寄回
315,Call Out,AA3312,20180508 144000,[ECP]電確客戶勾錯，應為100萬以下，已重KYC 
316,Call Out,AA3127,20180510 100200,[ECP]客戶說最近忙 會再撥空寄回
317,Call Out,AA4199,20180510 100500,[ECP]會再看一下NN新債買  D檔
318,Call Out,AA3159,20180510 170400,"[ECP]表單已收到,沒空填"
319,Call Out,AA2896,20180511 182000,[ECP]CDD確認ok ，推Q2，暫時不需要
320,Call Out,AA1087,20180514 143500,[ECP]推Q2，推荷寶中國，反應巴西績效不好，有告知是匯率關係
321,Call Out,AA9175,20180514 152300,[ECP]回電給客戶 說明市場狀況
322,Call Out,AA8766,20180515 150256,自行來電 境外單筆0
323,Call Out,AA3910,20180515 201700,[ECP]對帳單有空會回  因不常家
324,Call Out,AA4255,20180516 101746,推 q2 申請全品RSP 0%優惠券一張，家庭戶
325,Call Out,AA3170,20180517 160524,謝O慧介紹，中信，單筆，寄書面至通訊，績極
326,Call Out,AA4259,20180517 162800,[ECP]2017開戶未有契約 客戶說現都做股票 沒有要投資基金
327,Call Out,AA3171,20180517 170312,李O珍102666介紹 寄開戶 款二 先推環球
328,Call Out,AA3175,20180521 103152,繼承辦理，爸爸已往生，先寄送結存證明 
329,Call Out,AA3170,20180521 144300,"[ECP]地址沒錯,但還沒確認是否有收到表單,今天回家再看看"
330,Call Out,AA3052,20180521 173000,[ECP]追開戶擔心美股會下修.
331,Call Out,AA3172,20180521 173000,"[ECP]明天寄線填表單,掛號"
332,Call Out,AA4226,20180522 150600,[ECP]會自己看 不需要理專  積 還再看 會進買單
333,Call Out,AA9094,20180522 162600,[ECP]推q2，沒預算，買滿了，還有別家的 家庭戶
334,Call Out,AA9094,20180522 163114,推q2，沒預算，買滿了，還有別家的 家庭戶 女兒
335,Call Out,AA3170,20180524 105500,[ECP]已收到，上班比較忙，假日再填寫，會寄回
336,Call Out,AA3176,20180524 112403,"太太在彰銀及富邦買很多新興高組合, 現在要用自己的來電 人民幣及 台幣 要再1-2個月 保險解約才會買 推亞債"
337,Call Out,AA5153,20180524 155000,[ECP]泰國巴西名單 客戶說最近忙 不需要
338,Call Out,AA0063,20180524 155600,[ECP]泰國巴西名單 客戶說在打球 先mail 2Q優惠
339,Call Out,AA2505,20180524 160200,[ECP]泰國巴西名單 2Q優惠 推中國機會及荷寶中國
340,Call Out,AA3119,20180525 142800,[ECP]在忙，先這樣，改天在說
341,Call Out,AA7870,20180528 153058,今天要下亞高２０萬
342,Call Out,AA2688,20180528 153600,"[ECP]follow 文件儘快寄回,沒空填"
343,Call Out,AA2690,20180528 153919,"follow 文件儘快寄回,沒空填"
344,Call Out,AA3180,20180528 171734,"Money 電子報訂閱名單,同意寄開戶表單"
345,Call Out,AA6736,20180528 172000,"[ECP]Money 電子報訂閱名單,寄表單,建議先從線上填寫 "
346,Call Out,AA3184,20180529 150637,Money 電子報訂閱名單
347,Call Out,AA3185,20180529 151119,Money 電子報訂閱名單
348,Call Out,AA3186,20180529 151843,"Money 電子報訂閱名單.,會自行上網,若要開戶,自行線上填寫"
349,Call Out,AA3188,20180529 170624,請客戶開戶找我
350,Call Out,AA3190,20180529 172951,Money名單分配 太太接聽 似乎有興趣 中信
351,Call Out,AA3192,20180529 175314,玉山 Money名單分配
352,Call Out,AA3194,20180529 180019,台新扣 轉介559
353,Call Out,AA3195,20180529 180309,"Money 電子報訂閱名單,寄送退休專刊,寄"
354,Call Out,AA3196,20180530 113451,318473李韋廷親友 寄開戶 款二 華銀
355,Call Out,AA3171,20180530 140700,"[ECP]還在考慮是否要開戶,意願不大"
356,Call Out,AA3197,20180530 145236,"Money 電子報訂閱名單,寄送退休專刊"
357,Call Out,AA3198,20180530 145850,"Money 電子報訂閱名單,寄送退休專刊,參考看看"
358,Call Out,AA3199,20180530 154148,Money名單分配 中信
359,Call Out,AA3200,20180530 155344,Money名單分配 中信
360,Call Out,AA3201,20180530 170458,"Money 電子報訂閱名單,寄送退休專刊,可寄,但目前沒錢運用,施宜佐同戶,寄一本即可"
361,Call Out,AA3202,20180530 171218,"Money 電子報訂閱名單,寄送退休專刊"
362,Call Out,AA3203,20180530 172423,Money名單分配 新光
363,Call Out,AA2908,20180530 173200,"[ECP]要採華銀台幣及外幣,會再去開華銀外幣帳戶,退回寄限時"
364,Call Out,AA2932,20180530 173700,[ECP]林O妤 是姪女 沒錢  /推中國 俄
365,Call Out,AA3204,20180530 180049,Money名單分配 口氣冷淡 寄境內
366,Call Out,AA3205,20180530 180245,聯絡上了，有興趣基金投資，上班時間不方便聊，約晚上5:30-6:00
367,Call Out,AA3207,20180531 103056,Money名單分配 玉山 K
368,Call Out,AA3209,20180531 110821,"Money 電子報訂閱名單,寄送退休專刊,寄全及款"
369,Call Out,AA3210,20180531 141514,Money名單分配 一銀
370,Call Out,AA3211,20180531 142555,Money名單分配 玉山
371,Call Out,AA3212,20180531 144536,Money名單分配 中信
372,Call Out,AA3213,20180531 144742,"Money 電子報訂閱名單,寄送退休專刊,拒絕收專刊,會自己上網看, 對於6月底完成開送投信單筆零優惠券,,什麼興趣"
373,Call Out,AA3214,20180531 144949,Money名單分配 一銀
374,Call Out,AA3215,20180531 145252,Money名單分配 渣打
375,Call Out,AA3216,20180531 145406,"Money 電子報訂閱名單,寄送退休專刊,寄"
376,Call Out,AA3217,20180531 145901,"Money 電子報訂閱名單,寄送退休專刊,什麼興趣,但同意寄,參考看看"
377,Call Out,AA3218,20180531 153507,"Money 電子報訂閱名單,寄送退休專刊,寄"
378,Call Out,AA2453,20180531 154432,IPO 有告知 中債
379,Call Out,AA3219,20180531 155333,"Money 電子報訂閱名單,寄送退休專刊.,軍公教,同意寄參考"
380,Call Out,AA3220,20180531 155712,Money名單分配 國泰世華
381,Call Out,AA2453,20180531 162500,[ECP]中國 荷中
382,Call Out,AA3221,20180531 163613,Money名單分配 玉山台銀
383,Call Out,AA3223,20180531 165405,Money名單分配中信
384,Call Out,AA3224,20180531 165813,Money名單分配華南
385,Call Out,AA3225,20180531 172445,"Money 電子報訂閱名單,寄送退休專刊,不用寄開戶,先看專刊,有需要再來索取開戶"
386,Call Out,AA3226,20180531 173101,"Money 電子報訂閱名單,寄送退休專刊,忙沒空核對地址,"
387,Call Out,AA3227,20180531 173954,"Money 電子報訂閱名單,寄送退休專刊,不用寄開戶,再看看"
388,Call Out,AA3228,20180601 100751,Money名單分配 玉山
389,Call Out,AA4372,20180601 101100,[ECP]沒信心 沒錢 IPO
390,Call Out,AA3229,20180601 101300,Money名單分配  款台外 轉介559
391,Call Out,AA2895,20180601 101600,[ECP]不投資
392,Call Out,AA3231,20180601 101931,Money名單分配 中信
393,Call Out,AA3232,20180601 102237,"Money 電子報訂閱名單,寄送退休專刊,新光或台新,同意寄表單"
394,Call Out,AA3233,20180601 102351,Money名單分配華南
395,Call Out,AA3229,20180601 102933,轉介-idris，推Q2
396,Call Out,AA3235,20180601 103134,"Money 電子報訂閱名單,寄送退休專刊,先看若要開戶再來電索取表單"
397,Call Out,AA3236,20180601 104045,"Money 電子報訂閱名單,寄送退休專刊,指扣北富邦"
398,Call Out,AA3237,20180601 104320,Money名單分配 渣打
399,Call Out,AA3238,20180601 104741,Money名單分配 中信
400,Call Out,AA3241,20180601 105205,"Money 電子報訂閱名單,寄送退休專刊,只有郵局,沒有銀行"
401,Call Out,AA3242,20180601 105311,Money名單分配 中信
402,Call Out,AA3243,20180601 110540,Money名單分配 玉山
403,Call Out,AA3246,20180601 114302,"Money 電子報訂閱名單,寄送退休專刊.,台企"
404,Call Out,AA3248,20180601 151423,Money名單分配 一銀
405,Call Out,AA3249,20180601 151704,Money名單分配 日盛
406,Call Out,AA3250,20180601 153245,Money名單分配 中信
407,Call Out,AA3254,20180601 160741,Money名單分配 聯邦
408,Call Out,AA3257,20180601 162516,Money名單分配 合庫
409,Call Out,AA3258,20180601 162959,Money名單分配 台新
410,Call Out,AA3260,20180601 163521,Money名單分配 一銀
411,Call Out,AA3262,20180601 170009,Money名單分配中信
412,Call Out,AA3263,20180601 171052,Money名單分配  中信
413,Call Out,AA1972,20180604 095900,"[ECP]電確,儀器進口商會計人員,單筆不會超過100萬,"
414,Call Out,AA3265,20180604 133306,沒看到優惠方案?？ E回覆 idris13:32
415,Call Out,AA3267,20180604 140209,Money名單分配 永豐
416,Call Out,AA3269,20180604 141354,Money名單分配  中信
417,Call Out,AA3270,20180604 141641,Money名單分配 開會中 晚點打
418,Call Out,AA3271,20180604 142146,Money名單分配 富邦
419,Call Out,AA3272,20180604 143001,Money名單分配 富邦
420,Call Out,AA3278,20180604 145414,Money名單分配 玉山或大眾
421,Call Out,AA3281,20180604 150515,Money名單分配 國泰
422,Call Out,AA3283,20180604 151651,Money名單分配 國泰
423,Call Out,AA3189,20180604 160400,"[ECP]電確,繼承開戶電確"
424,Call Out,AA3285,20180604 160422,Money名單分配 中信
425,Call Out,AA3286,20180604 161848,Money名單分配華南
426,Call Out,AA2531,20180604 162724,Money名單分配 中信
427,Call Out,AA3291,20180604 163741,Money名單分配 土銀或元大
428,Call Out,AA2428,20180604 165200,[ECP]Money名單分配 永豐或台新 台外幣 有在基富通開戶 
429,Call Out,AA2428,20180604 173940,"轉介-idris , 推 q2"
430,Call Out,AA1049,20180604 175200,[ECP]要股票，不要債券，邊境市場高收益主權債也不要，波動愈大愈好
431,Call Out,AA3300,20180605 102804,Money名單分配 玉山
432,Call Out,AA3301,20180605 103533,"Money 電子報訂閱名單,寄送退休專刊,中國信託,有在王道銀行交易,所下的投組只有野村投信的有賺錢,開戶機率高PASS K"
433,Call Out,AA3302,20180605 112711,"Money 電子報訂閱名單,寄送退休專刊,華南台幣,不願告知全名"
434,Call Out,AA3303,20180605 114140,"Money 電子報訂閱名單,寄送退休專刊,同意寄表單參考  "
435,Call Out,AA3304,20180605 115524,又來問NNL亞洲收益 
436,Call Out,AA3305,20180605 120056,"Money 電子報訂閱名單,寄送退休專刊,台新"
437,Call Out,AA3306,20180605 142727,"Money 電子報訂閱名單,寄送退休專刊,同意寄開戶表單,開場時有?疑為何有電話"
438,Call Out,AA3307,20180605 142745,Money名單分配 中信
439,Call Out,AA3308,20180605 143105,"Money 電子報訂閱名單,寄送退休專刊,中國信託台外幣都有PASS K"
440,Call Out,AA3310,20180605 145543,"Money 電子報訂閱名單,寄送退休專刊,聯邦銀"
441,Call Out,AA3311,20180605 145830,Money名單分配 金融業  語氣不耐煩  僅寄雜誌
442,Call Out,AA3314,20180605 152141,"Money 電子報訂閱名單,寄送退休專刊,玉山"
443,Call Out,AA3313,20180605 152222,Money名單分配   中信或國泰世華
444,Call Out,AA8654,20180605 162800,[ECP]IPO 中債  資金不多 DM書面
445,Call Out,AA5785,20180605 165608,ipo 中債 可接受 用mail  家庭戶 薛素珠
446,Call Out,AA0947,20180605 180100,[ECP]問題內容: 看不到基金走勢圖要下載何種軟體 已回電 idris18:02
447,Call Out,AA3309,20180606 094434,Money名單分配 中信
448,Call Out,AA3315,20180606 104331,Money名單分配  國泰世華
449,Call Out,AA8978,20180606 154300,[ECP]推IPO中國債 沒興趣  
450,Call Out,AA3316,20180606 170703,Money名單分配 永鋒
451,Call Out,AA4331,20180606 171500,[ECP]IPOX
452,Call Out,AA3317,20180606 172224,"Money 電子報訂閱名單,寄送退休專刊,一銀"
453,Call Out,AA0743,20180606 174500,[ECP]退件聯絡.
454,Call Out,AA3318,20180606 175818,Money名單分配  合庫
455,Call Out,AA3320,20180606 181541,"Money 電子報訂閱名單,寄送退休專刊,在鉅亨網有開戶"
456,Call Out,AA3326,20180607 102454,Money名單分配國泰世華
457,Call Out,AA3328,20180607 103217,"Money 電子報訂閱名單,寄送退休專刊,台企"
458,Call Out,AA3329,20180607 103345,Money名單分配凱基
459,Call Out,AA3331,20180607 103838,"Money 電子報訂閱名單,寄送退休專刊,寄專刊即可"
460,Call Out,AA3332,20180607 104149,退休專刊.
461,Call Out,AA3167,20180607 105500,[ECP]債市沒興趣  但還是可以寄IPO
462,Call Out,AA3336,20180607 112931,"Money 電子報訂閱名單,寄送退休專刊,看表單再決定銀行"
463,Call Out,AA3337,20180607 113254,Money名單分配  國泰世華
464,Call Out,AA3348,20180607 154631,退休專刊.
465,Call Out,AA3350,20180607 160137,退休專刊.
466,Call Out,AA3351,20180607 160837,退休專刊.
467,Call Out,AA3352,20180607 161632,"退休專刊,手機是女兒的."
468,Call Out,AA3357,20180607 175043,"Money 電子報訂閱名單,寄送退休專刊,拒收雜誌"
469,Call Out,AA3358,20180607 175354,"Money 電子報訂閱名單,寄送退休專刊,同意寄表單,但很急著想掛斷"
470,Call Out,AA3359,20180607 180432,"Money 電子報訂閱名單,寄送退休專刊,銀行有兆豐,台新(買基金用),永大(買股票用)"
471,Call Out,AA3360,20180607 180552,退休專刊
472,Call Out,AA9122,20180608 094400,[ECP] 推中國債，推Q2
473,Call Out,AA3362,20180608 094903,Money名單分配 國泰世華
474,Call Out,AA3363,20180608 100127,Money名單分配 中信
475,Call Out,AA3364,20180608 100555,Money名單分配 華南
476,Call Out,AA3364,20180608 100558,Money名單分配 華南
477,Call Out,AA3366,20180608 101559,Money名單分配 玉山
478,Call Out,AA3367,20180608 102445,Money名單分配 580 華南 客在農會上班 要存私房錢
479,Call Out,AA3369,20180608 103241,Money名單分配 台銀
480,Call Out,AA3367,20180608 110206,Idris轉介
481,Call Out,AA3374,20180608 135539,Money名單分配 富邦業務
482,Call Out,AA3377,20180608 143604,"Money 電子報訂閱名單,寄送退休專刊,永豐或013"
483,Call Out,AA3378,20180608 144205,"Money 電子報訂閱名單,寄送退休專刊,台銀"
484,Call Out,AA3381,20180608 144937,"Money 電子報訂閱名單,寄送退休專刊,彰銀"
485,Call Out,AA3387,20180608 154905,"Money 電子報訂閱名單,寄送退休專刊"
486,Call Out,AA3390,20180608 164859,寄推薦的基金.
487,Call Out,AA3392,20180608 173639,"Money 電子報訂閱名單,寄送退休專刊,反應冷,,會透過銀行下單,但還是只想看看"
488,Call Out,AA3394,20180611 102608,"Money 電子報訂閱名單,寄送退休專刊,先看看再說"
489,Call Out,AA3395,20180611 104035,"Money 電子報訂閱名單,寄送退休專刊,先看看再說"
490,Call Out,AA3397,20180611 105208,"Money 電子報訂閱名單,寄送退休專刊,華南"
491,Call Out,AA3400,20180611 105959,"Money 電子報訂閱名單,寄送退休專刊,拒收專刊"
492,Call Out,AA3402,20180611 142447,"Money 電子報訂閱名單,寄送退休專刊,台新或新光,,先看看內容再決定是要用那一家銀行,表單都寄"
493,Call Out,AA3404,20180611 143912,"Money 電子報訂閱名單,寄送退休專刊,主要以投資股票為主,沒買過基金,但有朋友之前有買雷曼債, 所以對基金沒有好印象,永豐銀有推薦過公司債券配息的產品,所以有聽過野村投信,可能採永豐銀為指扣"
494,Call Out,AA8267,20180611 144300,[ECP]在上班，晚上再打，推IPO中國債
495,Call Out,AA5585,20180611 145000,[ECP]MI績效不好，推中國境內債50萬，爭取0%，累積，反應績極成長績效不好
496,Call Out,AA1353,20180611 150600,[ECP]推ipo中國債，只有台幣，mail
497,Call Out,AA9790,20180611 153000,[ECP 市場分析  債   ipo 中債 可參考 mail
498,Call Out,AA3408,20180611 161319,"Money 電子報訂閱名單,寄送退休專刊,不收雜誌"
499,Call Out,AA3410,20180611 161740,"Money 電子報訂閱名單,寄送退休專刊,全及款都寄"
500,Call Out,AA3412,20180611 165926,"Money 電子報訂閱名單,寄送退休專刊,不用寄表單"
501,Call Out,AA3413,20180611 173105,"客戶的老婆在永豐金,都是透過老婆申購."
502,Call Out,AA3416,20180611 174622,"Money 電子報訂閱名單,寄送退休專刊,金融業(不寄專刊)只溝通是否要開戶, 客戶說有聽過野村投信,直接說寄mail開戶表單,PASS M"
503,Call Out,AA3184,20180611 175900,"[ECP]瞭解是否收到表單,沒空看 "
504,Call Out,AA3419,20180612 140350,"Money 電子報訂閱名單,寄送退休專刊,再看看"
505,Call Out,AA3420,20180612 140746,"Money 電子報訂閱名單,寄送退休專刊,永豐"
506,Call Out,AA3421,20180612 141259,"Money 電子報訂閱名單,寄送退休專刊,台銀"
507,Call Out,AA3422,20180612 141915,"Money 電子報訂閱名單,寄送退休專刊,第一銀行"
508,Call Out,AA3423,20180612 142412,"Money 電子報訂閱名單,寄送退休專刊,有需要開戶會再來電"
509,Call Out,AA3424,20180612 144002,"Money 電子報訂閱名單,寄送退休專刊,中國信託"
510,Call Out,AA3425,20180612 144635,Money 退休專刊.
511,Call Out,AA3426,20180612 144732,"Money 電子報訂閱名單,寄送退休專刊,元大"
512,Call Out,AA3427,20180612 145614,"Money名單,在銀行買我們的基金都虧."
513,Call Out,AA3428,20180612 150537,"Money 電子報訂閱名單,寄送退休專刊,質疑為何有電話,同意寄表單,問可配合銀行時, 客戶說為何要告訴你"
514,Call Out,AA3429,20180612 151414,Money名單.
515,Call Out,AA3430,20180612 152201,"Money 電子報訂閱名單,寄送退休專刊,華銀台幣"
516,Call Out,AA3432,20180612 152838,"Money 電子報訂閱名單,寄送退休專刊,不同意寄表單"
517,Call Out,AA3433,20180612 154020,Money名單.
518,Call Out,AA3434,20180612 154636,"Money 電子報訂閱名單,寄送退休專刊"
519,Call Out,AA3435,20180612 155742,"Money 電子報訂閱名單,寄送退休專刊,不同意寄表單"
520,Call Out,AA3438,20180612 161614,"Money 電子報訂閱名單,寄送退休專刊.有理專(銀行),不想開太多交易平台"
521,Call Out,AA4372,20180612 163500,"[ECP]帳號過長需修正,掛退"
522,Call Out,AA3441,20180612 173420,"Money 電子報訂閱名單,寄送退休專刊,要開戶會自行上網填,嫌目前沒有低的市場可以買,都漲上來了,都做ETF"
523,Call Out,AA3443,20180612 175238,"Money 電子報訂閱名單,寄送退休專刊,不願給全名"
524,Call Out,AA3444,20180612 175751,"Money 電子報訂閱名單,寄送退休專刊,不願收開戶表單"
525,Call Out,AA2293,20180613 142800,[ECP]IPO中債 有機會 台幣 要MAIL
526,Call Out,AA3312,20180613 144100,[ECP]中債IPO 有機會 RSP 中機會   要MAIL
527,Call Out,AA3447,20180613 144123,"Money雜誌名單,客戶只有郵局的帳戶."
528,Call Out,AA3451,20180613 152029,"Money 電子報訂閱名單,寄送退休專刊,國泰世華"
529,Call Out,AA3452,20180613 152707,"Money 電子報訂閱名單,寄送退休專刊,若要開戶會自行上網填寫"
530,Call Out,AA3453,20180613 152914,"客戶朋友在元大,已買基金興趣開戶."
531,Call Out,AA3454,20180613 153057,"Money 電子報訂閱名單,寄送退休專刊,不開戶"
532,Call Out,AA3456,20180613 153630,"Money 電子報訂閱名單,寄送退休專刊,不開戶"
533,Call Out,AA3457,20180613 154126,"Money 電子報訂閱名單,寄送退休專刊,有需要會來電要開戶"
534,Call Out,AA3458,20180613 154555,"Money 電子報訂閱名單,寄送退休專刊,聽到要寄送表單就掛電,再去電就拒聽,都還沒對地址 "
535,Call Out,AA3460,20180613 155325,"Money 電子報訂閱名單,寄送退休專刊,不要開戶"
536,Call Out,AA3301,20180614 145600,[ECP]follow 沒空填寫
537,Call Out,AA3310,20180614 161900,"[ECP] 沒打開信封看內容,沒什意願"
538,Call Out,AA3303,20180614 163800,[ECP]沒空看
539,Call Out,AA3306,20180614 164100,"[ECP]follow,沒空聽,也不會開戶"
540,Call Out,AA3317,20180614 172800,"[ECP]說沒收到專刊,請客戶再確認看看"
541,Call Out,AA3336,20180615 101600,"[ECP]follow 名單,有在銀行買,問和銀行差異及手續費,會再想想是不是要寄回,指扣為台企, 請客戶指扣填表三,表四,表六, PASS C"
542,Call Out,AA3336,20180615 103500,[ECP]要穩  IPO 中債會參考 已MAIL 好好 會再看 
543,Call Out,AA6007,20180615 143700,[ECP] 6/15 14:38手機本人，先email聯絡代號並Push中國境內債
544,Call Out,AA7780,20180615 145600,[ECP]IPO中債已MAIL 再看看
545,Call Out,AA3476,20180615 150240,182313 鄭O崴 家庭戶 台北富邦一本萬利，兒子想要先買回，推EC，可能會來現場，來現場不用找我，會有服務專員協助開戶
546,Call Out,AA0601,20180619 095700,[ECP]IPO 中債  有興趣 已MAIL 通知  開賣前要用line or mail
547,Call Out,AA2764,20180619 100802,234090 詹O妃的先生，pass idris，客戶自己線上填寫寄回
548,Call Out,AA3336,20180619 130244,已mail 中債 
549,Call Out,AA3308,20180619 143000,Tina轉介
550,Call Out,AA3301,20180619 143027,Tina轉介
551,Call Out,AA3358,20180619 153700,"[ECP]沒注意是否有收到,,回家後再看看,"
552,Call Out,AA3359,20180619 153900,"[ECP]6/19還沒收到,沒空看信箱,有可能學校信箱工務尚未發信"
553,Call Out,AA3377,20180619 154200,"[ECP]專刊有收到,有需要會再來電"
554,Call Out,AA3378,20180619 155400,"[ECP]收到專刊了,不確要不要開戶,隔幾天再去電問"
555,Call Out,AA3190,20180619 162300,[ECP]專刊已收到 開戶再看看 
556,Call Out,AA3284,20180620 150100,[ECP]電確.
557,Call Out,AA3397,20180620 152100,"[ECP]money follow ,6/20不開戶 "
558,Call Out,AA3402,20180620 152300,"[ECP]money follow ,不開,暫無資金投資,有需要會再主動來電 "
559,Call Out,AA3404,20180620 152500,"[ECP]money follow  ,還沒研究公司基金內容,可先保留加贈單筆零優惠券(6月底前完成開戶加贈野村投信單筆零優惠券) PASS M"
560,Call Out,AA3410,20180620 153400,"[ECP]money follow ,不開戶"
561,Call Out,AA3313,20180620 153500,[ECP]EC追蹤 言詞閃爍 裝忙
562,Call Out,AA3420,20180620 155000,"[ECP]money follow ,不開戶,有其它家往來"
563,Call Out,AA3421,20180620 155400,"[ECP]money follow ,不開戶,態度冷.....淡"
564,Call Out,AA0263,20180620 161329,已開ipo edm 再mail
565,Call Out,AA4372,20180620 165000,"[ECP]電確,有要異動指扣帳戶."
566,Call Out,AA3409,20180620 170200,[ECP]電確.
567,Call Out,AA3319,20180620 170900,"[ECP]沒寫英文名字,客戶說那就不要辦境外EC,拜託客戶補個護照影本或信用卡可佐證英文名字,提供客服信箱讓客戶傳送"
568,Call Out,AA3339,20180620 171500,"[ECP]電確,大二生,娘318284,家庭戶"
569,Call Out,AA3404,20180620 180501,轉介-tina，推Q2
570,Call Out,AA3363,20180621 100600,[ECP]ec追蹤 會回台中家中看
571,Call Out,AA3362,20180621 101000,[ECP]ec追蹤 冷漠 
572,Call Out,AA9107,20180621 102400,[ECP]再寄一次，看一下資料再說，推IPO中國債
573,Call Out,AA3366,20180621 102700,[ECP]ec追蹤 有些敷衍 
574,Call Out,AA6445,20180621 103100,[ECP]有開edm 再mail 中債ipo
575,Call Out,AA3337,20180621 103300,[ECP]ec追蹤 客要求晚點再撥 
576,Call Out,AA9132,20180621 110216,家庭戶 劉太太在處理，推IPO中國債還沒講到
577,Call Out,AA3487,20180621 120933,自行來電問IPO五年期人幣 要買會來現場
578,Call Out,AA3488,20180621 144402,家庭戶 古太太的家人，要買台股 中小、E科，推Q2
579,Call Out,AA3329,20180621 152900,[ECP]ec追蹤 再研究一下 
580,Call Out,AA3326,20180621 153200,[ECP]ec追蹤 再研究一下 
581,Call Out,AA3318,20180621 153400,[ECP]ec追蹤 冷漠 
582,Call Out,AA3316,20180621 153500,[ECP]ec追蹤 冷漠 專刊不曉得有沒有拿到 要問家人
583,Call Out,AA2378,20180621 163800,[ECP]開戶EC追蹤  冷漠回覆 
584,Call Out,AA2684,20180621 170800,[ECP]市場分析
585,Call Out,AA3254,20180621 174900,[ECP]ec追蹤 要再研究看看 
586,Call Out,AA3257,20180621 175300,[ECP]ec追蹤 OK 
587,Call Out,AA3233,20180621 175900,[ECP]ec追蹤 冷漠 
588,Call Out,AA1978,20180622 094600,[ECP]電確.
589,Call Out,AA3367,20180622 095105,去電確認客戶有無需協助 客戶說最近高雄大雨 會再撥空儘快處理
590,Call Out,AA3424,20180622 144900,"[ECP]專刊沒收到,下週一重寄"
591,Call Out,AA4905,20180622 145700,[ECP] 家電本人，無RSP，頻頻詢問要做甚麼，先EMAIL聯絡代號
592,Call Out,AA3042,20180622 150400,[ECP]EC追蹤 人超恭敬有禮
593,Call Out,AA8303,20180622 152700,[ECP]EC追蹤 通話中 晚點聯絡
594,Call Out,AA3426,20180622 153900,"[ECP]野村投信旗下產品沒有合意要投資的,提醒客戶還有境外系列基金,,會重新看看,先保留優惠至7月中"
595,Call Out,AA3430,20180622 155400,"[ECP]follow,,先保留優惠至7月中,還要再看看再決定"
596,Call Out,AA3170,20180622 160707,下週一會去開一銀外幣，再填開戶寄回，推Q2，請客戶把外幣款項空白影印再填寫
597,Call Out,AA2948,20180622 161600,[ECP]開戶EC追蹤  再重寄  
598,Call Out,AA3194,20180622 171600,[ECP]EC追蹤 婉拒 
599,Call Out,AA3190,20180622 171900,[ECP]EC追蹤 婉拒 
600,Call Out,AA3428,20180622 175900,"[ECP]不開戶,很冷淡"
601,Call Out,AA6076,20180625 102200,[ECP]想要買回，要用錢，要全部賣
602,Call Out,AA2988,20180625 103800,[ECP]開戶EC追蹤 580 LINE 好 再看看 
603,Call Out,AA2994,20180625 110000,[ECP]開戶EC追蹤 580 LINE 
604,Call Out,AA3355,20180625 144300,"[ECP]電確,OK"
605,Call Out,AA3368,20180625 154000,[ECP]客戶要再考慮看看.
606,Call Out,AA3373,20180625 154600,[ECP]什麼興趣.
607,Call Out,AA3375,20180625 154900,[ECP]追開戶.
608,Call Out,AA3379,20180625 155300,[ECP]追開戶.
609,Call Out,AA3382,20180625 160300,[ECP]追開戶.
610,Call Out,AA1538,20180625 164649,去電娘298803廖○霞開戶ec追蹤
611,Call Out,AA3203,20180625 171411,EC追蹤 有收到 還沒看
612,Call Out,AA3307,20180625 171725,EC追蹤 有收到 還沒看
613,Call Out,AA1538,20180625 173130,208 娘298803廖○霞
614,Call Out,AA1134,20180625 174500,[ECP]IPO 中債 好好好
615,Call Out,AA3206,20180626 103400,[ECP]EC追蹤 有收到退休專刊  再參考 
616,Call Out,AA3207,20180626 103600,[ECP]EC追蹤 有收到退休專刊  再參考 
617,Call Out,AA0329,20180626 141600,[ECP] 手機本人，人不錯，庫存為新興高收債組合，說明中國境內債，似乎有意願，但現在比較忙，主動請我五點後在Call 17:55手機本人說明中國境內債，說話有點急，但似乎對產品相當有興趣，郵寄書面文宣並告知20萬以上有零手續費優惠，待追蹤金額
618,Call Out,AA5736,20180626 145500,[ECP]有機會 ipo 中債要看一下 再說 資金不多
619,Call Out,AA5408,20180626 154400,[ECP] mail 中債
620,Call Out,AA9427,20180626 165800,[ECP]mail 中債 ipo 
621,Call Out,AA3336,20180627 095800,[ECP]下週會寄回
622,Call Out,AA5192,20180627 105200,[ECP] 己MAIL l中債IPO
623,Call Out,AA3496,20180627 141803,Vivian轉介 客戶來電確認永豐銀專員跟他說5年階梯有保本 有確定嗎 
624,Call Out,AA3384,20180627 144300,[ECP]參考看看!
625,Call Out,AA3385,20180627 144600,[ECP]再看看.
626,Call Out,AA3389,20180627 144800,[ECP]興趣.
627,Call Out,AA3398,20180627 151900,[ECP]客戶再參考看看.
628,Call Out,AA3424,20180627 152300,[ECP]專刊順利收到
629,Call Out,AA3208,20180627 152400,[ECP]EC追蹤 婉拒 
630,Call Out,AA3249,20180627 152700,[ECP]EC追蹤 婉拒 
631,Call Out,AA3364,20180627 152900,[ECP]EC追蹤 婉拒 
632,Call Out,AA3313,20180627 154400,[ECP]ec追蹤 再研究一下 
633,Call Out,AA3223,20180627 161100,[ECP]ec追蹤 再研究一下 
634,Call Out,AA3210,20180627 161500,[ECP]EC追蹤 婉拒 
635,Call Out,AA3210,20180627 163300,[ECP]EC追蹤 婉拒 
636,Call Out,AA3214,20180627 163400,[ECP]ec追蹤 冷漠 專刊不曉得有沒有拿到 要問家人 
637,Call Out,AA3258,20180627 163600,[ECP]ec追蹤 要再研究看看 有需要會再來電 
638,Call Out,AA3263,20180627 164200,[ECP]ec追蹤 善良 沒拒絕 也沒熱情 
639,Call Out,AA3281,20180627 165500,[ECP]ec追蹤 善良  Q3再聯絡
640,Call Out,AA3474,20180627 170100,[ECP] 限時退還 P1-英文姓名 P3-小朋友雙證件 P9-資料未填齊 P6-適性上10 
641,Call Out,AA3497,20180627 180636,家庭戶 劉O遠媽媽在介紹的，想要兒子買 RSP，在長榮航空上班，平常不見得方便接，可以email，推環球、中國，推Q2，用台幣國泰
642,Call Out,AA3176,20180628 095700,[ECP]在大陸
643,Call Out,AA8041,20180628 103000,[ECP]推IPO中國債，沒錢，沒信心想把NN環高收賣掉，建議再等到七月再看
644,Call Out,AA5297,20180628 104800,[ECP]推IPO中國債 申請0%優惠券一張，想把帳上的基金賣掉，建議可以再等一下，金額約50萬
645,Call Out,AA5297,20180628 105000,[ECP]推IPO中國債，申請0%優惠券一張
646,Call Out,AA4254,20180628 105400,[ECP]公司同事說客戶沒進公司
647,Call Out,AA4254,20180628 105500,[ECP]住家電話不通
648,Call Out,AA9875,20180628 112608,推IPO中國債，有需要申請0%優惠券再和我說，email
649,Call Out,AA7083,20180628 143100,[ECP]對債沒興趣  IPOX
650,Call Out,AA3407,20180628 144200,[ECP]再看看!
651,Call Out,AA3414,20180628 145000,[ECP]掛電話!
652,Call Out,AA3415,20180628 145400,[ECP]再看看!
653,Call Out,AA3425,20180628 145800,[ECP]再看看!
654,Call Out,AA1218,20180628 150300,[ECP]再看看!
655,Call Out,AA3439,20180628 152600,[ECP]客戶在開會.
656,Call Out,AA9022,20180628 155900,[ECP]回電 客戶手機收訊不好 改撥住家
657,Call Out,AA9022,20180628 160000,[ECP]來電要扣高科 告知沒優惠 客戶習慣扣定時不定額 請客戶改扣e科 另推中國境內債 mail參考
658,Call Out,AA3488,20180628 190100,[ECP]家庭戶 古太太的家人，RSP 有信用合作社，有郵局，另外是二位小朋友
659,Call Out,AA4372,20180629 101800,[ECP]本來想要賣4年期 有資需求
660,Call Out,AA2852,20180629 104800,[ECP]ipox
661,Call Out,AA3502,20180702 101535,陳淑鈺(戶號152073)的朋友要開戶Miya 客戶，用中信銀行扣款，寄資料至通訊請客戶填寫，
662,Call Out,AA9427,20180702 105800,[ECP]再看看　ｉｐｏ　中債
663,Call Out,AA3392,20180702 145700,"[ECP]沒意願,follow money開戶"
664,Call Out,AA3305,20180702 155100,"[ECP]follow,最近沒空,先保留優惠至7月中"
665,Call Out,AA3506,20180702 170616,詢問人民幣，有人民幣，7/3 早上再去電，推IPO中國債
666,Call Out,AA3404,20180702 193500,[ECP]想要網路上填寫開戶資料，寄email請客戶上網填，需要請我們列印寄給她再和我們說
667,Call Out,AA3509,20180702 194632,成年滿20歲，台幣台銀，手機是法代媽媽黃小姐，想要幫他做RSP，當兵，都是媽媽在操作，績效要好，希望一開始買就能有漲，年輕人才會有信心一直扣
668,Call Out,AA3497,20180703 141400,[ECP]有考慮近期至台北時到現場填寫文件
669,Call Out,AA3521,20180704 113732,來電問五年階梯到期先mail參考
670,Call Out,AA3521,20180704 115922,去電告知已mail 客戶說還沒收到 請客戶可以先看公司官網 另提醒我之前電話說明的配息是已換算成年化的
671,Call Out,AA3358,20180704 145400,"[ECP]7/04明天去電確認是否有收到專刊,地址無誤"
672,Call Out,AA3522,20180704 174020,先生跟他都在銀行套 N新債  澳 幣  有推IPO 中債  聯邦一銀
673,Call Out,AA3521,20180705 141800,[ECP]客戶說他後來去看銀行定存是八月到期
674,Call Out,AA3336,20180705 143700,[ECP]白天不方便接  請晚上打  
675,Call Out,AA0329,20180705 174000,[ECP] 表示沒有收到書面的文宣，通訊地址是正確的，請我再寄一次，告知單筆20萬有零手續費，意願仍高，先登記優惠券，再提醒下單
676,Call Out,AA3525,20180706 161549,有朋友買四年期，推五年期，美元，再看看，永豐他也有帳號，大概有2萬多元美元，申請0.3%，再加一些到3萬元，申請0.1%
677,Call Out,AA2293,20180706 170600,[ECP]會買  要券
678,Call Out,AA3336,20180708 105500,[ECP]下周打
679,Call Out,AA6445,20180708 112900,[ECP]ipo 中債再看看 不要券 
680,Call Out,AA3177,20180709 110600,[ECP] 7/9 11:09手機本人，推說上班都沒空，下班也沒空，僅簡單說明市場概況，欲說明中國境內債，客戶就推說再看看，應無申購意願
681,Call Out,AA2505,20180709 155600,[ECP]邊境市場債 客戶會再評估
682,Call Out,AA7119,20180709 160200,[ECP]邊境市場債 客戶說沒有多的資金
683,Call Out,AA1410,20180710 110900,[ECP]通知單筆0%優惠券已入，中國境內債下單記得點
684,Call Out,AA0601,20180710 144000,[ECP]ipo　ｏｋ
685,Call Out,AA0329,20180710 144100,[ECP] 7/10 14:43手機本人，告知中國境內債週三開始募集，今日16:00可以交易，記得點選優惠券，前三天下單紅利點數Double
686,Call Out,AA2293,20180711 150100,[ECP]7月定存才到期
687,Call Out,AA8766,20180711 151200,[ECP]中國境內債基金的IPO協助銷售 mail參考轉介208
688,Call Out,AA3533,20180711 160214,家庭戶 爸爸 詹O煌在處理，滿20歲，一銀或台中商銀，想買環球，RSP，開戶書寄給爸爸收 
689,Call Out,AA3532,20180711 160528,家庭戶 爸爸 詹O煌在處理，滿20歲，一銀或台中商銀，開戶資料寄給爸爸，想買環球，RSP
690,Call Out,AA3486,20180711 174500,[ECP]rsp 巴 中 度  單ipo 中債還在想
691,Call Out,AA3525,20180711 175600,[ECP]還沒有看到開戶文件
692,Call Out,AA5297,20180711 185000,[ECP]單筆30萬，推IPO中國債，這二天下單，請客戶記得上網點0%優惠券
693,Call Out,AA3535,20180712 085948,"進線說要買中國境外內,在FB有看到,金額約10~20萬台幣,PASS M,表單今日有快遞先送過去"
694,Call Out,AA3535,20180712 094035,轉介-tina，想買IPO邊境台幣月配20萬，掛號送至通訊，有管理室，手0.3% 600元，匯款
695,Call Out,AA3537,20180712 104610,邊境市場高收益債，想買月配，20萬 配息
696,Call Out,AA3535,20180712 110443,又想買人民幣5萬，手150元人民幣，單筆申購書台幣及人民幣都提供給客戶，讓客戶再想想
697,Call Out,AA3537,20180713 102659,網路上用彰銀扣，有考慮要去玉山開戶，推邊境市場月配，有人民幣不知道有多少，再看一下，如果不夠再去換，推IPO
698,Call Out,AA3538,20180713 133934,"索取表單,PASS  C,台灣銀行"
699,Call Out,AA3528,20180713 140640,安本的客戶要轉換標的.
700,Call Out,AA3528,20180713 141422,v轉介
701,Call Out,AA3525,20180713 183600,[ECP]請客戶去看是否收到開戶，募集期間7/19最後一天
702,Call Out,AA3537,20180716 130246,Miya pss
703,Call Out,AA3542,20180717 103818,回電給客戶 說明邊境市場債 客戶應該明天會去高雄分公司
704,Call Out,AA3535,20180717 113000,[ECP]配息一定要20萬，不要買了，因為第一銀行配息可以不用20萬
705,Call Out,AA2208,20180717 123600,[ECP]安本中國股票停止在台銷售 客戶已知悉  並說明會送投信D檔0手續優惠券 
706,Call Out,AA3541,20180717 142523,Tina轉介
707,Call Out,AA3542,20180717 144317,去電告知已有先照會高雄分公司
708,Call Out,AA1160,20180717 154100,[ECP]其他家套住  沒錢 rsp會參考
709,Call Out,AA7685,20180717 154700,[ECP]備用金6~9個月KYC
710,Call Out,AA3537,20180718 095500,[ECP]人民幣不夠5萬，還要再去換，來不及之後再買
711,Call Out,AA3474,20180718 104207,推境外.
712,Call Out,AA1353,20180718 113159,推IPO中國債+邊境市場債，請客戶記得點優惠券，客戶說再看看
713,Call Out,AA3523,20180718 125146,等手邊的股票賣掉，才會考慮買邊境市場主權債基金美元，銀行可能要用富邦，先寄email
714,Call Out,AA3367,20180718 165200,[ECP]退休專刊EC追蹤 會去高雄分公司現場
715,Call Out,AA0329,20180718 173400,[ECP] 7/18 17:35手機終於聯繫上本人，提醒募集僅到7/19 16:00前喔，客戶OK會評估
716,Call Out,AA3542,20180719 093600,[ECP]住家家人說客戶上班
717,Call Out,AA3541,20180719 101100,"[ECP]今晚表單才會拿給朋友,才能知道大名"
718,Call Out,AA0329,20180719 143900,[ECP] 客戶還是沒下單，再次手機說明中國境內債募集僅到下午四點，客戶推說陸股跌很多，已說明中國境內債低波動優勢，客戶說有空再說啦
719,Call Out,AA4642,20180719 170500,[ECP] 7/19 17:08家電本人，日本領先沒有RSP，簡單說明市場概況，缺個資背景調查，無EC功能，補網路功能+解限表單給客戶
720,Call Out,AA1538,20180723 142125,去電娘298803廖○霞開戶ec追蹤
721,Call Out,AA3488,20180723 144200,[ECP]開戶文件有收到，請客戶盡快寄回，推Q3
722,Call Out,AA3404,20180723 144700,[ECP]推Q3
723,Call Out,AA3404,20180723 145928,客戶是做網拍，現在沒有心思想投資，推Q3，請客戶盡快上網填開戶資料先寄回，推環球
724,Call Out,AA1538,20180723 163235,家庭戶
725,Call Out,AA2388,20180723 163255,家庭戶
726,Call Out,AA3533,20180723 175700,[ECP]爸爸接聽，暫時不需要，擔心中美貿易，家庭戶
727,Call Out,AA0263,20180724 175000,[ECP]可意買亞債
728,Call Out,AA3541,20180725 143600,"[ECP]表單已給朋友,還是不知道朋友的名字"
729,Call Out,AA6076,20180726 095509,"帳上環高收都賣掉，今日來電要大俄及日本領月報,今天會寄出"
730,Call Out,AA3559,20180726 152215,回電手機說正進門了，請我改撥家電本人，說明線上開戶引導流程，也說明強基金優惠會以ID比對，客戶OK
731,Call Out,AA3176,20180727 102800,[ECP錢都在大陸 等升值再換美元 
732,Call Out,AA3562,20180727 143312,A202253 林O隆的兒子，有考慮要加入強友，家庭戶，還再考慮，爸爸在處理
733,Call Out,AA3474,20180727 170600,[ECP]覺得股市太高，貿易戰太波動，推Q3，推環球
734,Call Out,AA1935,20180727 172600,[ECP]建議D檔投資法可以恢復環球、大俄享有0%，Q3有優惠
735,Call Out,AA5617,20180727 174000,[ECP]現在沒有要增加
736,Call Out,AA8857,20180727 174729,推Q3，推中小 家庭戶 
737,Call Out,AA3563,20180730 095640,"已填投信,加開境外."
738,Call Out,AA4763,20180730 102200,[ECP]q3  忙 上班不方便 請用mail 
739,Call Out,AA3566,20180730 142549,詢問全球金額債，不願留資料
740,Call Out,AA3569,20180731 102610,242022尤X圓5歲小孩 
741,Call Out,AA3569,20180731 103750,7/30 09:52手機母親尤O圓，說明新增EC表單填寫事宜，主動告知想幫小孩5歲開戶申購基金，還不知道銀行帳戶要設哪家，安排寄資(註明Idris)
742,Call Out,AA3571,20180731 135000,"進線詢全球收益基金,PASS na"
743,Call Out,AA3571,20180731 143039,回電手機說明金融債，客戶另詢問配息較高的債券基金，推薦邊境市場債，允後續金融債文宣出來後郵寄給客戶，可先完成開戶事宜，客戶OK
744,Call Out,AA3577,20180731 160348,推Q3，有想要再投資，寄相關資料至通訊
745,Call Out,AA3580,20180801 123350,"建立時間:2018/8/1 下午 12:04:31 問題內容: --------------------------- 您好: 我要索取開戶資料(要幫小孩開戶)86年次,滿20歲了。謝謝! "
746,Call Out,AA6342,20180801 172300,[ECP] 8/1 17:24手機本人，聽到野村就說再看看啦再看看啦，似乎無意願開戶？？
747,Call Out,AA3121,20180801 174810,媽媽想逼女兒RSP
748,Call Out,AA3582,20180801 181714,丈夫開戶電確 推本人開戶  
749,Call Out,AA2874,20180802 114514,要金融債
750,Call Out,AA3532,20180802 184244,兒子有意見，表示先不開，請客戶再和兒子討論一下
751,Call Out,AA3537,20180803 102700,[ECP]文件有收到，在外面不方便，推 q3 邊境市場月配20萬
752,Call Out,AA3586,20180803 103916,"想買APHY 今日會現場辦,PASS mina,北富邦銀"
753,Call Out,AA3588,20180803 113904,"保銀在中信，中信的理專通知他，金融債IPO，有國泰也有中信，有時也會去大陸玩，有開中國的帳號，人民幣都放在中國的定存，會想以台幣來投資，寄相關資料至通訊, 募集期間8/13-8/17網路上手續費0.3%。單筆沒有0%"
754,Call Out,AA3586,20180803 134523,Tina轉介Mina
755,Call Out,AA2764,20180803 145129,去電太太 234090詹O妃ec追蹤，再重寄一銀台幣 轉介559 市場投資建議
756,Call Out,AA3509,20180806 100100,[ECP]黃小姐，現在在ikea吃早餐，手機快沒電，請我晚一點打
757,Call Out,AA3590,20180806 140401,推 q3，詢問邊境市場債
758,Call Out,AA2355,20180806 155942,EC去電娘追蹤   娘表本人在跟會 暫不開戶
759,Call Out,AA2948,20180806 160700,[ECP]開戶EC追蹤 懶 已在銀行買 仍建議客戶寄回
760,Call Out,AA0422,20180807 141903,跟先生楊O榮開 金債
761,Call Out,AA3593,20180807 145929,土銀 中信都寄 轉介208
762,Call Out,AA3586,20180807 151200,[ECP]follow開戶
763,Call Out,AA3594,20180807 165757,要買債有配推金債 亞債
764,Call Out,AA3587,20180808 152400,"[ECP]電確,農會上班"
765,Call Out,AA2769,20180808 165500,"[ECP]退件聯絡,"
766,Call Out,AA3567,20180809 101100,[ECP]  有收到了會寄回
767,Call Out,AA3588,20180809 102500,[ECP]開會在忙，推Q3，詢問開戶有沒有需要協助
768,Call Out,AA3596,20180809 111926,商刊edm  ipo 金債 有機會 
769,Call Out,AA3596,20180809 113104,C PASS
770,Call Out,AA7601,20180809 113728,朋友說會至現場辦理
771,Call Out,AA3597,20180809 123318,股票及債建議環球、亞債，詢問金融債但要RSP，推Q3
772,Call Out,AA3598,20180809 125830,要申購單筆金融債100萬，也有想要用RMB交易，會來現場填開戶文件，有告知下週開始募集，可能需要匯款，手續費0.3%，客戶清楚
773,Call Out,AA3599,20180809 130636,推EC 想買債 高配息 轉介559
774,Call Out,AA3600,20180809 141401,"朋友進線詢問,若有開戶,PASS Miya "
775,Call Out,AA3537,20180809 143700,[ECP]追開戶.
776,Call Out,AA3599,20180809 144231,轉介-idris，推Q3 邊境
777,Call Out,AA3474,20180809 151200,[ECP]追件.
778,Call Out,AA2285,20180810 102607,家庭戶 呂媽媽說最近剛買房子，沒時間處理，傢俱還沒買，先不開
779,Call Out,AA2286,20180810 102756,家庭戶 呂媽媽剛買房子，沒空處理，暫不開
780,Call Out,AA3596,20180810 103300,"[ECP]尚未線填,客戶說先寄空白表單"
781,Call Out,AA3604,20180810 111542,詢問金融債IPO問題，想到銀行買，有簡單告知募集集與手續費用，建議來野村現場開戶直接直接申購，會再跟太太討論看看
782,Call Out,AA3571,20180810 150100,[ECP] 8/10 15:02手機本人，請我約30分後在撥打
783,Call Out,AA3591,20180810 152000,"[ECP]follow文件,在唱歌,不方便接聽"
784,Call Out,AA3586,20180810 155000,[ECP] 8/10 15:51手機本人，開戶資料有收到，但還沒時間填，會找時間填好，再討論APHY亞太複合高收益債申購建議
785,Call Out,AA3605,20180810 171003,8/10 17:08來電詢問金融債IPO，建議直接跟野村買比較划算，客戶表示要再想看看，有需要再聯繫我們，有提供代號561張小姐
786,Call Out,AA3588,20180813 095500,[ECP]開會中，晚一點再打
787,Call Out,AA3577,20180813 095700,[ECP]開戶文件有收到，下週才會處理
788,Call Out,AA6008,20180813 102600,[ECP]詢問開戶文件是否收到，目前還沒有看到，推Q3，推IPO金融債
789,Call Out,AA3610,20180813 125658,中信銀 金融債 ipo rsp 沒什麼錢 新手  
790,Call Out,AA3176,20180813 144352,會寄回 要6% 推亞債  台幣
791,Call Out,AA2764,20180813 161629,太太在處理，重新寄開戶填寫至太太收，推q3，請idris重寄
792,Call Out,AA3584,20180813 171300,[ECP]掛退  1. (P1)→請填『通訊地址』 2. (P5)→請填『買回帳戶』 3. (P8)→銀行印不清，請重蓋 4. (P9)→缺勾銀行別 5. 單筆申購書可待完成開戶後，且完成匯款後，屆時傳真單筆申購書與匯款收據，辦理申購。 
793,Call Out,AA3596,20180814 102000,"[ECP]follow 有空再申請,(意願低)"
794,Call Out,AA1538,20180814 102206,娘會寄回開戶 二戶 推中國 環球
795,Call Out,AA2388,20180814 102223,娘會寄回開戶 二戶 推中國 環球
796,Call Out,AA3618,20180814 152013,聯絡商周IPO名單，無意願投資新基金，但想參考其他基金，索取兩份開戶文件，用國泰世華
797,Call Out,AA3497,20180814 153200,"[ECP]follow 真的很忙沒空填,也沒來台北,表單還在不用重寄"
798,Call Out,AA3502,20180814 154800,"[ECP]朋友回南部去了,暫不開"
799,Call Out,AA3622,20180815 105317,"mail表單,進線說要下天達黃金英磅..又問原物料貴金屬有沒有日元或英磅計價的PASS M"
800,Call Out,AA3624,20180815 110900,推金融債台幣月配，中信，推q3，有申請網路功能，爭取0.3%，即將退休
801,Call Out,AA3622,20180815 112242,轉介-tina，推Q3 星期日要出差，要到9月底才會回台，目前沒有時間處理，先mail聯絡方式給客戶，有需要協助會再來電
802,Call Out,AA3626,20180815 142923,商周留名單IPO金融債，寄相關資料至通訊，明天才有空和我說
803,Call Out,AA3594,20180815 150400,[ECP] 金債 亞債  開戶考量中 
804,Call Out,AA3629,20180816 102528,晚一點再打，在坐車不方便，IPO金融債留名單
805,Call Out,AA3626,20180816 105248,一銀，金融債台幣月配，推Q3，書面寄至通訊限時，請客戶寄回
806,Call Out,AA3628,20180816 144611,聯絡上，但是不方便，晚一點再打
807,Call Out,AA3631,20180816 160833,"不願留聯繫電話(室內電為客戶進線時顯示號碼) ,若表單填寫有問會主動聯絡,進線問全球收益手續費,及NN,安本手續費,"
808,Call Out,AA3629,20180816 163752,下週三8/22才會回台東，下週才會處理，寄書面至通訊，要買月配，推金融債
809,Call Out,AA3629,20180816 164210,台外幣用一銀同一個帳號，比較常用郵局，買回可以留郵局，等網路功能核印成功，再上網處理
810,Call Out,AA3632,20180816 172333,"想要下南非幣月配息,PASS na (台外幣設中國信託) "
811,Call Out,AA3633,20180817 100943,8/17 10:00來電IB詢問金融債基金，富邦扣，想用美金買，附匯款帳戶，郵寄開戶，轉Idris
812,Call Out,AA3562,20180817 101829,強友活動沒有了，暫時不開，等下一次若還有強友活動再考慮要不要開
813,Call Out,AA2684,20180817 164500,[ECP]掛退
814,Call Out,AA3622,20180817 165800,"[ECP]follow開戶,近期要出國,要等9月才有空開戶填寫"
815,Call Out,AA3026,20180820 094107,有誠意 但最近真的忙  家庭戶二戶
816,Call Out,AA3176,20180820 162400,[ECP]開戶ec追蹤 心情不好 說投資在我們家都虧錢 晚點再說 暫不考慮開戶 
817,Call Out,AA1707,20180820 163700,[ECP]Q3 會參考
818,Call Out,AA3634,20180821 170829,"可以提供開戶印見影本供參考嗎? 因為不確定是哪一顆印章 謝謝 採回信,沒有電話 "
819,Call Out,AA3596,20180822 100100,[ECP] 客戶不要寄回 拒   要求不要再打了 
820,Call Out,AA3509,20180822 141400,[ECP]媽媽要小孩去處理，當兵六日才會回來
821,Call Out,AA3636,20180823 112913,會線上填寄回  MI人幣 嫌麻煩 
822,Call Out,AA9802,20180823 141020,IB要新增境外+解限+新增基金投資，境外彰銀，郵寄資料，轉Tina
823,Call Out,AA3633,20180823 141200,[ECP] 8/23 14:13手機本人，推說有收到資料，還沒時間寫，有提醒8/21已成立，淨值小漲一點點為10.0021，客戶OK
824,Call Out,AA3598,20180824 164700,"[ECP]先生說暫不開戶,因為親戚有給建議,所以暫不開,等日後有需要會主動聯絡"
825,Call Out,AA4372,20180824 173200,[ECP]家庭戶馬X璇319381 請我推基金給他 穩健型都可以
826,Call Out,AA3637,20180824 180716,款台 561
827,Call Out,AA3637,20180824 181657,Idris轉介Mina
828,Call Out,AA3567,20180827 142100,[ECP]非本人要開戶 是老板要開的  最近市場不好 再看一下
829,Call Out,AA2951,20180829 155346,去電法代ec追蹤，告知表格將更新，請盡快寄回
830,Call Out,AA2952,20180829 155443,去電法代ec追蹤，告知表格將更新，請盡快寄回
831,Call Out,AA2953,20180829 155528,8/29去電法代ec追蹤，告知表格將更新，請盡快寄回
832,Call Out,AA3599,20180829 155600,[ECP]ec追蹤，告知表格將更新，請盡快寄回
833,Call Out,AA3599,20180829 162354,推Q3，金融債，有想買南非幣，台幣比較多建議先買境內基金，比較喜歡境外基金，再寄一次，開戶書沒有收到，用掛號寄給客戶，可能用國泰或永豐
834,Call Out,AA3630,20180829 164400,[ECP]電確OK 戶籍同ID上所示
835,Call Out,AA3176,20180830 102500,[ECP]抱怨在銀行買 新興只賺2%  真差  說明市場 推亞債  再想想
836,Call Out,AA2699,20180830 155900,[ECP]追件.
837,Call Out,AA4254,20180830 171052,8/30 17:07表示目前沒有多的預算，其他地方都有配置基金，拉美沒有布局到，推巴西，爸爸說在看看，
838,Call Out,AA3635,20180831 105700,[ECP]一直問目標到期債  在忙 週一打
839,Call Out,AA0557,20180831 105945,推Q3，生技及巴西請客戶恢復D檔扣款，亞債及aMI、金融債
840,Call Out,AA3637,20180831 153800,[ECP]8/31EC開戶追蹤 告知之後要改表單 請協助盡快寄回 
841,Call Out,AA3509,20180831 175600,[ECP]8/31 ec追蹤 去電娘黃小姐  告知之後要改表單 請協助盡快寄回 反應有些冷淡 
842,Call Out,AA3638,20180903 172800,[ECP]EC追蹤 重寄表格
843,Call Out,AA3638,20180903 172921,重寄
844,Call Out,AA8303,20180904 151200,[ECP]EC追蹤 將野村設定拒接來電
845,Call Out,AA3567,20180904 154700,"[ECP]通知為舊表單,之後若要開戶需重新填新表單."
846,Call Out,AA3474,20180904 155600,"[ECP]追件,客戶表示收到,需重寄."
847,Call Out,AA3042,20180904 165900,[ECP]開戶EC追蹤 告知之後要改表單 請協助盡快寄回 客回覆好 
848,Call Out,AA2979,20180904 170634,EC追蹤  客表要出國，10月再寄新表格
849,Call Out,AA3026,20180904 171816,去電娘248603王O芬ec追蹤  告知之後要改表單 請協助盡快寄回 真的忙 之後可能再重寄
850,Call Out,AA3594,20180905 111500,[ECP]市場太亂 so才沒寄回 推亞債市場很低可進了
851,Call Out,AA3673,20180906 131341,問野愛美高  說明了很久的市場 會再想一下再來電開戶
852,Call Out,AA3586,20180906 150500,"[ECP]follow開戶,客戶拒聽說在忙就掛斷,"
853,Call Out,AA3674,20180906 160606,I*561 一本萬利 向客戶表示會改表單 先寄  轉介561
854,Call Out,AA0305,20180906 163600,[ECP]家庭戶 徐O 有問到被動原件
855,Call Out,AA3675,20180906 170732,"進線問天達環球股票入息有那幾家銀行代銷,想扣小額,推可申請公司網路交易PASS C"
856,Call Out,AA2980,20180907 115500,[ECP]提醒9/13前寄回 開戶追蹤 再想想 
857,Call Out,AA2951,20180907 151039,推 q3 家庭戶
858,Call Out,AA2952,20180907 151057,推 q3 家庭戶
859,Call Out,AA2953,20180907 151115,推 q3 家庭戶
860,Call Out,AA1661,20180907 165100,[ECP]RSP申購 郵局扣款多附第2連核印聯 客表碎紙即可 不用退還
861,Call Out,AA3880,20180907 165200,[ECP]推Q3，好好好 推E科技
862,Call Out,AA2293,20180910 140300,[ECP]確認傳真買回
863,Call Out,AA3622,20180910 175900,"[ECP]還沒回台灣,重新提供新版開戶表單"
864,Call Out,AA3637,20180917 150100,[ECP]通知要寄新表格， 說話顛3倒4，一下說好，一下說不要  
865,Call Out,AA5576,20180917 173100,[ECP]有機會扣 E科 RSP 有推D  先改指扣
866,Call Out,AA3558,20180918 114039,9/18 11:36張先生來信客服信箱表示要詢問中小改D檔的操作，回電手機，說明操作流程，也請客戶轉答朋友開戶文件已改版，若有需要新版請再通知Mina，客戶平常要中午比較有空接電話
867,Call Out,AA0689,20180918 124757,開戶
868,Call Out,AA9122,20180919 154700,[ECP]境內外e-mail退信 信箱空間不足 轉介559 推RSP
869,Call Out,AA9122,20180919 155342,暫不增加，推q3 已經扣很多
870,Call Out,AA3633,20180919 170800,[ECP] 9/19 17:16手機本人，說最近比較忙，所以表單沒有填，改口想等閉鎖期開再買，已委婉說明，建議先行完成開戶，補寄表單與金融債DM
871,Call Out,AA3586,20180919 173100,[ECP] 9/19 17:33手機已接通後，聽到野村就又變成未接聽？然後斷線？公電未接，前紀錄客戶拒絕接聽
872,Call Out,AA3622,20180920 121400,"[ECP]不需重寄表單,近期忙沒空,再則沒錢"
873,Call Out,AA8395,20180920 144800,[ECP]新增指扣，以前是高雄 ds，沒錢
874,Call Out,AA1979,20180925 152200,[ECP]不需要
875,Call Out,AA9236,20180925 161900,[ECP]拒絕，不用
876,Call Out,AA3685,20180926 105224,9/26 10:47太太311033手機本人，品牌RSP中，主動問到想要新增AI相關的基金，推Robo，待資料出來在提供給客戶，另外先生想開戶，設定台北富邦，推薦環球，email月報Push
877,Call Out,AA3621,20180926 143800,[ECP] 9/26 14:40手機本人，無庫存無RSP，推說沒再看啦，推薦環球+中國機會+大俄羅斯，EMAIL推Q3
878,Call Out,AA3638,20180927 105100,[ECP]好好好 不理會
879,Call Out,AA3689,20180927 184307,員工MGM A0402 
880,Call Out,AA3691,20180928 173234,MGM 只買境內
881,Call Out,AA7534,20181001 105446,10/1 10:52手機本人表示正在忙，前已建立潛在，A174660，請我晚點撥，強基金九月名單客戶
882,Call Out,AA7534,20181001 120700,[ECP] 10/1 12:11手機本人，確認郵寄地址，要設定華銀，允強友優惠會協助保留，但仍請盡快寄回開戶文件
883,Call Out,AA2346,20181001 171900,[ECP] 10/1 17:20手機本人，聽起來很消極，說都不投資了，都不要都不要啦，email聯絡代號並Push契約
884,Call Out,AA3701,20181002 135211,robo委任契約，MGM建議員工加開
885,Call Out,AA4200,20181002 154700,[ECP] 手機仍轉語音，新馬RSP中，EMAIL推契約
886,Call Out,AA3703,20181002 164053,206221戶號的小孩
887,Call Out,AA8549,20181002 164600,[ECP]不需要沒有基金規劃
888,Call Out,AA9107,20181002 180900,[ECP]由於系統異常 ，導致您收到下單失敗的通知信，請你忽略此通知信，本公司會重新寄發正確的通知信給您
889,Call Out,AA3525,20181004 161200,[ECP]EC追蹤 客戶已跟保險公司買階梯  推愛爾蘭高收益 重寄表格 559
890,Call Out,AA5576,20181005 153300,[ECP]問內扣手續費
891,Call Out,AA5576,20181005 162300,[ECP]市場分析  中巴俄 環 亞債 n新債
892,Call Out,AA3525,20181008 104745,轉介-idris，推10月活動
893,Call Out,AA7534,20181008 110100,[ECP]EC追蹤OK
894,Call Out,AA3690,20181008 175100,"[ECP]請客戶補回資料,送贈品."
895,Call Out,AA3707,20181009 143726,轉介-vivian，推10月活動
896,Call Out,AA3708,20181009 155436,台幣台銀外幣台新，想要每年約4-5%的報酬的基金，例如：多重資產 波動不要太大，推MI及AMI
897,Call Out,AA3705,20181009 165300,[ECP]退件.
898,Call Out,AA9325,20181012 180300,[ECP]action for 20181008 Incident issue無手機未發SMS需專人連絡名單，客戶已知悉
899,Call Out,AA7485,20181015 092617,"問荷寶消費型及天達特許差異,及荷寶消費國家亞洲區配置"
900,Call Out,AA7485,20181015 095500,[ECP] 回電說明荷寶消費趨勢+天達特許品牌的國家配置差異，提十月品牌月活動，有意願開戶，設定華銀
901,Call Out,AA3688,20181015 170300,"[ECP]境外買回帳號未填,掛號退,公司地址敦化北路"
902,Call Out,AA8459,20181017 121521,10/17 11:53庫存全品+環球+巴西無RSP，建議重新恢復環球契約，客戶說再看看，EMAIL要改為先生的，
903,Call Out,AA8459,20181018 110451,561
904,Call Out,AA9022,20181018 155724,10/18 16:37已引導完成---15:58手機本人，表示投資都是爸爸處理的，撥家裡終於找到爸爸-林O欽15754，爸爸表示目前兒子再考公職，沒有工作，所以停扣，等有工作就會扣了，覺得亞太複合高收益債券表現不好，已說明，另推十月品牌月活動，爸爸要把自己的愛爾蘭美高收不定額改為D檔，請我引導交易，後續去電家電就不通…持續連繫
905,Call Out,AA7534,20181018 181100,[ECP]10/18強友EC追蹤 向客戶說明優惠有保留  務必10月底前寄回 
906,Call Out,AA7485,20181019 103900,"[ECP]follow,假日有空才會填"
907,Call Out,AA0329,20181022 112500,[ECP] 10/22 17:40上午撥打客戶請我晚點撥，後續聯繫手機家電應該是公電未接，公電應該是家電，接通就掛電，有境外EC，EMAIL推十月品牌月活動試試看，境內僅有新興高收債組合RSP，也已買回大部份
908,Call Out,AA5153,20181023 163900,[ECP] 10/23 16:41手機本人，沒有多的資金，在其他又卡住，所以沒辦法新增投資，EMAIL推十月品牌月活動
909,Call Out,AA3715,20181026 132722,客戶會自行列印寄回.
910,Call Out,AA2977,20181029 145513,"現場辦鴻利買回,未帶憑證,客戶說找不到,提供號碼及掛序帶回辦理掛失。"
911,Call Out,AA3718,20181101 110832,"現場拿回開戶文件,問問市場,說自己有買股票,沒買基金"
912,Call Out,AA3718,20181101 161056,現場客戶 PASS 
913,Call Out,AA7541,20181102 154835,轉介-tina，家庭戶 媽媽在處理，推EC，媽媽 46812陳O芳
914,Call Out,AA3548,20181105 142400,[ECP] 家電本人，簡單提醒優質與中小10月份D檔觸發較多次，客戶似乎都沒再聽，頻頻想掛電話，EMAIL推超級品牌月活動試試看
915,Call Out,AA7541,20181107 102557,家庭戶 媽媽在處理 小孩先寄一份回來，另一個小孩在國外 文件已收到，請客戶掛號寄回
916,Call Out,AA3723,20181107 172800,"[ECP]適性本國人未填,及自我證明表左邊漏簽"
917,Call Out,AA9122,20181108 142100,[ECP]在國外 Robo還沒講
918,Call Out,AA6076,20181112 152200,"[ECP]收到適性第6,7沒填出生地,,掛退,不願線上更新,經營小吃"
919,Call Out,AA3177,20181112 155700,[ECP] 手機本人，聽到野村就說在開會，逕行掛電，目前無RSP，無法溝通ROBO
920,Call Out,AA3735,20181112 172700,[ECP]KYC補正 為本國人士 推EC 款台
921,Call Out,AA3735,20181112 173600,[ECP]客表非信託之受託人
922,Call Out,AA3727,20181113 152144,家庭戶 轉介-tina 
923,Call Out,AA7518,20181114 104700,[ECP]Robo 
924,Call Out,AA7541,20181114 162051,娘說明天寄回
925,Call Out,AA7485,20181114 162500,"[ECP]復建中,明天早上再打"
926,Call Out,AA9022,20181115 173300,[ECP] 11/15 17:43家電本人，說明市場概況，說明市場概況，推ROBO，可以參考
927,Call Out,AA1049,20181115 173700,[ECP]家庭戶 Robo 
928,Call Out,AA3735,20181115 180125,Idris轉介Mina
929,Call Out,AA3633,20181116 124200,[ECP]轉介-vivian 沒說要找誰 說完基金，回電手續費率 EC+才帶資料  金融債 客戶說等閉鎖期結束後再找我
930,Call Out,AA3633,20181116 125000,[ECP] vivian轉過來只有說是楊小姐，沒說之前有留過資料 
931,Call Out,AA3735,20181116 172700,[ECP]電確ok
932,Call Out,AA0340,20181119 094500,[ECP] 家電本人，通知10月對帳單因信箱空間不足被退件，排斥電話聯繫，態度冷淡，表示都會自己處理，EMAIL聯絡代號試試看
933,Call Out,AA3730,20181121 082740,Vivian轉介Mina
934,Call Out,AA3730,20181121 100100,[ECP] 手機本人，簡單說明NNL能源狀況，EMAIL月報+開戶文件給客戶，Follow
935,Call Out,AA7485,20181121 111300,"[ECP]開刀住院,暫不辦理,表單12月再重新寄送"
936,Call Out,AA3727,20181121 120827,"[ECP]follow 昨天寄回自己和先生的,但先生晚上7點後才能聯絡,小孩有一位當兵,過一段時間再開"
937,Call Out,AA3728,20181121 120842,"[ECP]follow 昨天寄回自己和先生的,但先生晚上7點後才能聯絡,小孩有一位當兵,過一段時間再開"
938,Call Out,AA3732,20181121 152444,"安本的客戶,要贖回,另想辦網路交易功能,開優惠!"
939,Call Out,AA3732,20181121 155834,轉介-vivian，推EC 台外幣富邦一本萬利同一個帳號，之前買安本小額的客戶，要先把帳上買回，
940,Call Out,AA8199,20181123 102000,[ECP]Robo
941,Call Out,AA0329,20181127 174300,[ECP] 來電IB表示擔心市場，回電手機安撫並說明，請續扣，也推ROBO，有意願參考（平日聯繫方便是傍晚17:30後與中午12:30左右）
942,Call Out,AA0546,20181128 144705,11/28 14:46來電IB表示要開戶，想要買台灣高股息，設定台新 台外幣 境內外 轉Idris
943,Call Out,AA3741,20181128 150336,來電IB表示要問基金投資，但都不太清楚自己要問甚麼，要穩定的固定收益商品，推金融收益OR亞太複合高收益債券，要協助寄開戶文件，又改口要去新光銀行問，已再次說明透過野村交易會比較划算，客戶說在看看
944,Call Out,AA3735,20181129 164700,[ECP] 11/29 16:51手機本人，推說辦網路只是想買回，還沒有想要投資，說明市場概況，推可低進契約+ROBO，說會評估看看，補ROBO委任書
945,Call Out,AA7384,20181129 170600,"[ECP]核印成功,等G20二國會面後明確一點再設定，建議可以找低基期像NN能源、天達亞洲股票基金先設定"
946,Call Out,AA3674,20181130 110000,[ECP] 手機本人，說明NNL新興債走勢，推D檔投資一個月扣兩次，可參考，也推ROBO，同意重新寄新表格，先請開戶完成
947,Call Out,AA3732,20181130 111600,[ECP]推EC，文件有收到，請客戶盡快寄回，客戶說在忙
948,Call Out,AA3678,20181130 150200,"客戶在國世銀 vip 都是打3折 0.9  目前有美金10萬 想買天達黃金  說明12月單筆 0送點 ,之后都若超過50萬 再送他點數抵到0.2%"
949,Call Out,AA2980,20181130 175300,[ECP]A201309 EC追蹤 客表有很多檔都在扣 先不要寄開戶表格
950,Call Out,AA8130,20181204 172100,[ECP]　不用
951,Call Out,AA7030,20181204 172454,Idris轉介Mina
952,Call Out,AA7780,20181205 143049,ROBO1 會寄回 有問到境外明年開放 
953,Call Out,AA8459,20181205 165436,EC追蹤 太太302856為主要處理人 扣款行為合庫 因為要出國 明年初再寄
954,Call Out,AA3312,20181205 170500,[ECP]有買富克林AI  ROBO1
955,Call Out,AA3312,20181205 180300,[ECP]要求 再平衡  是用報酬率 去算偏離率 
956,Call Out,AA9175,20181206 164021,12/6 16:49進線詢問多元收益平衡處理方式，建議待明年一月確認加息後表現若有3％可賣掉，亞太複合高收債待2月再評估狀況，環球定額續扣，可新增印度RSP，主動告知已寄回ROBO委任書，也可以參考，EMAIL聯絡代號備用
957,Call Out,AA3718,20181206 174100,"[ECP]重寄表單+robo,,有可能台新"
958,Call Out,AA7799,20181207 140800,[ECP]Robo 異動地址
959,Call Out,AA2208,20181207 165600,[ECP]在別家有買al  會下robo1
960,Call Out,AA3678,20181210 155100,[ECP]還要跟銀行談一下  要買天達黃金
961,Call Out,AA9175,20181211 164400,[ECP] 12/11 16:48手機本人，告知ROBO委任書已收到，客戶說會再看看(明確同意開放電話+簡訊行銷註記)
962,Call Out,AA3728,20181212 104239,家庭戶 大學生，等下一次回家再填寫 看到不認識的電話不會接，請客戶可以打電話進來電確
963,Call Out,AA5106,20181212 165600,[ECP] 退休 不想買基金 推金融債，買個股有股利 Robo 寄給客戶看 行銷註記打開
964,Call Out,AA0546,20181212 172200,"[ECP]表單填寫不全嫌表單設計太複雜,另要問推薦基金,請Mina回電,"
965,Call Out,AA0546,20181212 174947,12/12 17:47回電手機0987519955說明，境內可參考台灣高股息+環球；境外可參考天達亞洲股票+野村愛爾蘭美國高收益債，文件已寄回，但需要退件，處理中
966,Call Out,AA5617,20181213 173300,[ECP]太太在處理，Robo  還沒有看到信
967,Call Out,AA7541,20181214 103719,Robo 家庭戶 陳O芳在處理
968,Call Out,AA2973,20181214 113611,家庭戶 
969,Call Out,AA9951,20181214 131854,家庭戶
970,Call Out,AA3768,20181217 170349,現場客戶 101 24樓員工 要穩健因他股票賠很多  大俄他不要 推環球 N新債 野美高收  RSP 若要會下來開戶
971,Call Out,AA3767,20181218 092900,"[ECP]通知Line20點,會於21日發送."
972,Call Out,AA6076,20181218 161436,進線自營山東火燒是面食類
973,Call Out,AA6076,20181218 163800,[ECP]Robo RSP、單筆書面，不常上網 大俄、中國、環球、印度
974,Call Out,AA0557,20181219 155500,[ECP]不急 Robo問卷有興趣 紅利500點 日誌一本/70歲以上
975,Call Out,AA2505,20181219 170700,[ECP] 12/19 17:07手機本人，通知ROBO問券500點數，會於1月底轉入，也簡單說明ROBO，也EMAIL活動試試看
976,Call Out,AA7384,20181219 180200,[ECP]Robo問卷有興趣 紅利500點 好
977,Call Out,AA7368,20181220 155900,[ECP]Robo問券有興趣，紅利500點，Robo寄書面至通訊，太太接聽說在顧孫子，不會再投資
978,Call Out,AA0552,20181220 180400,[ECP]電確配息帳號不異動
979,Call Out,AA3678,20181221 105500,[ECP]暫不開 會再來電找我
980,Call Out,AA3714,20181221 110616,因跌就不用急  認同低點 會寄回 EC
981,Call Out,AA5645,20181221 181400,[ECP]在吃飯， 沒空，Robo問卷有興趣 紅利500點
982,Call Out,AA3211,20181221 185700,[ECP]活動Mail
983,Call Out,AA7030,20181222 104200,[ECP] 12/22 10:44手機本人，表示已寄回ROBO委任書，目前境內外庫存已多，簡單說明市場概況，請續扣，另EMAIL活動試試看
984,Call Out,AA1529,20181222 111400,[ECP] 12/22 11:15手機本人，有收到資料但還沒拆開，請客戶找時間填，EMAIL活動試試看
985,Call Out,AA0546,20181222 114200,[ECP] 12/22 11:43手機本人，提醒密碼要先變更，待境內外核印完成就可以下單了，客戶OK，EMAIL活動試試看
986,Call Out,AA1529,20181222 141100,[ECP] 12/22 14:16手機本人說明手續費用問題，允若金額較大，可爭取0手續費，客戶OK(明確同意開啟電話+簡訊行銷註記)
987,Call Out,AA6076,20181224 104600,[ECP] 文件有收到，請客戶寄回RSP書面，詢問中國機會的淨值
988,Call Out,AA9122,20181224 154500,[ECP]Robo已寄回12/22 D檔想要停扣，請客戶先改為一天扣款，先不要停
989,Call Out,AA3801,20181224 170910,轉介-tina，在銀行買天達策略股票，詢問天達特許品牌，不太了解基金，詢問市場，在想要不要先賣天達策略股票??若在銀行買可以問理專，有告知先RSP繼續扣，不一定會在這裡買
990,Call Out,AA2453,20181225 100415,ROBO 70 
991,Call Out,AA9929,20181225 143742,員工家庭戶
992,Call Out,AA9094,20181226 160755,家庭戶 70歲以上 Robo家人說也有收到
993,Call Out,AA3766,20181226 174852,"台新數位帳戶尚未去銀行補印卡,先生說有空再處理,陳先生 ROBO 不需要.(洪小姐是老師)"
994,Call Out,AA3180,20181227 141300,[ECP]推亞債，20萬台幣
995,Call Out,AA3180,20181227 142057,"投資金額 NTD20M, 推亞債，元大或中信來扣款，全國性及款項都附給他，工作上不定期要出國，明年1月目前還沒有要出國，推Robo也一併附給他"
996,Call Out,AA3813,20181227 170751,"開戶都寄給他，台外幣，NN新興債南非幣月配 在聯邦VIP, 房貸下來的錢來買NN新興債，放長，pass Idris"
997,Call Out,AA5736,20181228 103800,[ECP]ROBO 2
998,Call Out,AA2208,20181228 150800,[ECP]已下50000
